word	length	score	band	rarity	unique_ratio	repetition_ratio	unpredictability	shortness
δραχμη	6	2.214515	hard	3.342767	1.000000	0.000000	3.560937	0.166667
αδελφη	6	2.027670	hard	3.320517	1.000000	0.000000	3.334783	0.166667
εφηβοσ	6	1.976414	hard	3.332314	1.000000	0.000000	3.224260	0.166667
εκδοχη	6	1.943044	hard	3.236897	1.000000	0.000000	3.431540	0.166667
εξαγωγη	7	1.864683	hard	3.552676	0.857143	0.142857	3.245261	0.142857
ζωγραφοσ	8	1.765348	hard	3.535671	1.000000	0.000000	2.599693	0.125000
εκπληξη	7	1.763493	hard	3.409401	0.857143	0.142857	3.478194	0.142857
εξυπνα	6	1.759199	hard	3.210057	1.000000	0.000000	3.222413	0.166667
αδερφη	6	1.725386	hard	3.246447	1.000000	0.000000	3.072022	0.166667
εξαρση	6	1.697285	hard	3.112292	1.000000	0.000000	3.392292	0.166667
επιφυλαξη	9	1.682667	hard	3.344708	1.000000	0.000000	3.073411	0.111111
δαχτυλο	7	1.682646	hard	3.171529	1.000000	0.000000	3.352132	0.142857
φλουδα	6	1.667143	hard	3.324687	1.000000	0.000000	2.770835	0.166667
εκρηξη	6	1.650305	hard	3.363211	0.833333	0.166667	3.394804	0.166667
ψυγειο	6	1.645504	hard	3.469067	1.000000	0.000000	2.346621	0.166667
υποψια	6	1.635724	hard	3.288613	1.000000	0.000000	2.820376	0.166667
μπλουζα	7	1.590376	hard	3.335942	1.000000	0.000000	2.765392	0.142857
ρυθμοσ	6	1.579938	hard	3.165154	1.000000	0.000000	3.069239	0.166667
εχθροσ	6	1.567613	hard	3.232343	1.000000	0.000000	2.868369	0.166667
βενζινη	7	1.567516	hard	3.425874	0.857143	0.142857	3.133162	0.142857
ραβδοσ	6	1.551013	hard	3.182462	1.000000	0.000000	2.978022	0.166667
γεφυρα	6	1.550402	hard	3.268617	1.000000	0.000000	2.743742	0.166667
αξιωση	6	1.544808	hard	3.217012	1.000000	0.000000	2.874934	0.166667
φιλτρο	6	1.535751	hard	3.114119	1.000000	0.000000	3.139727	0.166667
εξαρχησ	7	1.528953	hard	3.302079	1.000000	0.000000	2.762949	0.142857
διεξαγωγη	9	1.515623	hard	3.474795	0.888889	0.111111	2.967764	0.111111
ζουγκλα	7	1.512679	hard	3.420696	1.000000	0.000000	2.416739	0.142857
φυλακη	6	1.501258	hard	3.293495	1.000000	0.000000	2.601028	0.166667
εξαλειψη	8	1.488632	hard	3.494605	0.875000	0.125000	2.852327	0.125000
αφορμη	6	1.487619	hard	3.108222	1.000000	0.000000	3.081918	0.166667
διεθνωσ	7	1.487475	hard	3.225682	1.000000	0.000000	2.906282	0.142857
θρυλοσ	6	1.479360	hard	3.198608	1.000000	0.000000	2.824455	0.166667
βαθμοσ	6	1.447394	hard	3.306005	1.000000	0.000000	2.484576	0.166667
συγγνωμη	8	1.445126	hard	3.329525	0.875000	0.125000	3.232740	0.125000
εφαπαξ	6	1.424574	hard	3.367241	0.833333	0.166667	3.037862	0.166667
καθειρξη	8	1.417261	hard	3.281251	1.000000	0.000000	2.755182	0.125000
ζαχαρη	6	1.408316	hard	3.398820	0.833333	0.166667	2.927412	0.166667
συμβολη	7	1.407586	hard	3.261854	1.000000	0.000000	2.685852	0.142857
νυφικο	6	1.405346	hard	3.097898	1.000000	0.000000	2.983763	0.166667
αμοιβη	6	1.404947	hard	3.017961	1.000000	0.000000	3.199653	0.166667
χουφτα	6	1.399082	hard	3.226763	1.000000	0.000000	2.625141	0.166667
κραυγη	6	1.395856	hard	3.092365	1.000000	0.000000	2.984202	0.166667
πυργοσ	6	1.392953	hard	3.055619	1.000000	0.000000	3.079272	0.166667
φοβερα	6	1.390071	hard	3.292387	1.000000	0.000000	2.433590	0.166667
κεφαλη	6	1.379062	hard	3.180477	1.000000	0.000000	2.719812	0.166667
εκλογη	6	1.372571	hard	3.083108	1.000000	0.000000	2.973577	0.166667
υπερβολη	8	1.364829	hard	3.221348	1.000000	0.000000	2.837050	0.125000
εγγραφη	7	1.361495	hard	3.347566	0.857143	0.142857	3.029440	0.142857
πηγαδι	6	1.348439	hard	3.124120	1.000000	0.000000	2.825509	0.166667
εκλειψη	7	1.346222	hard	3.364519	0.857143	0.142857	2.960114	0.142857
ελπιδα	6	1.345266	hard	2.967604	1.000000	0.000000	3.244555	0.166667
πληρωσ	6	1.330660	hard	3.208489	1.000000	0.000000	2.569749	0.166667
πυκνωτησ	8	1.330609	hard	3.036859	1.000000	0.000000	3.284270	0.125000
εφεξησ	6	1.330592	hard	3.440851	0.833333	0.166667	2.694430	0.166667
αδελφοσ	7	1.329210	hard	3.113457	1.000000	0.000000	2.967627	0.142857
μυρωδια	7	1.329128	hard	3.142683	1.000000	0.000000	2.888344	0.142857
λωριδα	6	1.318134	hard	3.176303	1.000000	0.000000	2.637722	0.166667
εκδρομη	7	1.312819	hard	3.065142	1.000000	0.000000	3.073360	0.142857
σχεδον	6	1.309114	hard	3.098322	1.000000	0.000000	2.835099	0.166667
κατωθι	6	1.304046	hard	3.108056	1.000000	0.000000	2.800967	0.166667
δυσλεξια	8	1.297266	hard	3.212228	1.000000	0.000000	2.758186	0.125000
διπλωμα	7	1.285976	hard	3.220519	1.000000	0.000000	2.611386	0.142857
δοκιμη	6	1.284342	hard	3.040379	1.000000	0.000000	2.954059	0.166667
γροθια	6	1.282287	hard	3.077155	1.000000	0.000000	2.851305	0.166667
λυχνια	6	1.268969	hard	3.075500	1.000000	0.000000	2.835371	0.166667
συγγραφη	8	1.259221	hard	3.329407	0.875000	0.125000	2.948083	0.125000
βοηθοσ	6	1.256332	hard	3.270181	0.833333	0.166667	3.042842	0.166667
δωρεαν	6	1.250106	hard	3.067448	1.000000	0.000000	2.828265	0.166667
τραπεζι	7	1.242232	hard	3.070355	1.000000	0.000000	2.951037	0.142857
επιγραφη	8	1.235942	hard	3.130539	1.000000	0.000000	2.885428	0.125000
δεξιοσ	6	1.235868	hard	3.195667	1.000000	0.000000	2.459167	0.166667
κυρωση	6	1.225219	hard	3.131448	1.000000	0.000000	2.616774	0.166667
οφειλη	6	1.225177	hard	3.071378	1.000000	0.000000	2.779406	0.166667
εγγραφωσ	8	1.207184	hard	3.354090	0.875000	0.125000	2.801464	0.125000
εδαφοσ	6	1.206192	hard	3.038987	1.000000	0.000000	2.838032	0.166667
λεξικο	6	1.198826	hard	3.228309	1.000000	0.000000	2.313977	0.166667
κεφαλι	6	1.190970	hard	3.080353	1.000000	0.000000	2.702661	0.166667
διεθνησ	7	1.190645	hard	3.100600	1.000000	0.000000	2.790042	0.142857
ψηφοδελτιο	10	1.187450	hard	3.388452	0.900000	0.100000	2.714880	0.100000
εξελιξη	7	1.176560	hard	3.536644	0.714286	0.285714	2.880239	0.142857
αρχηγοσ	7	1.171542	hard	3.070343	1.000000	0.000000	2.842709	0.142857
κωμωδια	7	1.162330	hard	3.254533	0.857143	0.142857	2.976111	0.142857
πληρωμη	7	1.154900	hard	3.293253	0.857143	0.142857	2.859853	0.142857
πρωινο	6	1.153488	hard	2.948065	1.000000	0.000000	3.003497	0.166667
τζαμπα	6	1.149342	hard	3.173685	0.833333	0.166667	3.140188	0.166667
υπογραφη	8	1.143914	hard	3.208759	1.000000	0.000000	2.532505	0.125000
βαλβιδα	7	1.142141	hard	3.452858	0.714286	0.285714	3.054404	0.142857
ανοιξη	6	1.140208	hard	3.009752	1.000000	0.000000	2.816065	0.166667
συνοχη	6	1.135792	hard	3.032634	1.000000	0.000000	2.747324	0.166667
φυσικη	6	1.116303	hard	3.159229	1.000000	0.000000	2.374575	0.166667
χορωδια	7	1.115771	hard	3.178816	1.000000	0.000000	2.463426	0.142857
παρελθον	8	1.113792	hard	3.021998	1.000000	0.000000	2.992159	0.125000
αλφαβητο	8	1.110218	hard	3.175935	0.875000	0.125000	3.135343	0.125000
συζυγοσ	7	1.108885	hard	3.320138	0.714286	0.285714	3.362887	0.142857
εκδοση	6	1.106780	hard	2.917461	1.000000	0.000000	3.014786	0.166667
εγκλημα	7	1.105061	hard	3.097151	1.000000	0.000000	2.668191	0.142857
συντριβη	8	1.098615	hard	3.057658	1.000000	0.000000	2.872311	0.125000
ξαφνικα	7	1.098010	hard	3.267317	0.857143	0.142857	2.842891	0.142857
μπριζολα	8	1.096364	hard	3.211435	1.000000	0.000000	2.452368	0.125000
εγγραφο	7	1.080118	hard	3.254268	0.857143	0.142857	2.850805	0.142857
αδερφοσ	7	1.074190	hard	3.049968	1.000000	0.000000	2.748660	0.142857
στροφη	6	1.073827	hard	3.041561	1.000000	0.000000	2.628158	0.166667
εμπλοκη	7	1.068972	hard	3.014833	1.000000	0.000000	2.835822	0.142857
κρεμμυδι	8	1.066726	hard	3.130390	0.875000	0.125000	3.192029	0.125000
καζινο	6	1.062369	hard	3.070237	1.000000	0.000000	2.532927	0.166667
προαγωγη	8	1.060182	hard	3.201007	0.875000	0.125000	2.990737	0.125000
επιλογη	7	1.054426	hard	2.986861	1.000000	0.000000	2.889284	0.142857
δωδεκα	6	1.053554	hard	3.286117	0.833333	0.166667	2.688840	0.166667
στιγμη	6	1.050189	hard	2.963842	1.000000	0.000000	2.802418	0.166667
εκτυπωση	8	1.045743	hard	2.993646	1.000000	0.000000	2.964635	0.125000
κατεξοχην	9	1.039791	hard	3.151807	1.000000	0.000000	2.610394	0.111111
διαβρωση	8	1.039292	hard	3.244452	1.000000	0.000000	2.275457	0.125000
εξοδοσ	6	1.038616	hard	3.186943	0.833333	0.166667	2.934548	0.166667
δικτυο	6	1.035695	hard	2.938096	1.000000	0.000000	2.849930	0.166667
κιβωτιο	7	1.028683	hard	3.089053	0.857143	0.142857	3.219433	0.142857
βεβαιωσ	7	1.026975	hard	3.323658	0.857143	0.142857	2.581405	0.142857
ισχυρα	6	1.025976	hard	2.953913	1.000000	0.000000	2.792193	0.166667
δυναμη	6	1.023448	hard	3.075154	1.000000	0.000000	2.459947	0.166667
επιμορφωση	10	1.022499	hard	3.095174	1.000000	0.000000	2.803874	0.100000
σχεδιο	6	1.021297	hard	3.024394	1.000000	0.000000	2.594130	0.166667
προβλημα	8	1.020736	hard	3.207537	1.000000	0.000000	2.346993	0.125000
συγκομιδη	9	1.011689	hard	3.100516	1.000000	0.000000	2.706234	0.111111
επωνυμο	7	1.006001	hard	3.024520	1.000000	0.000000	2.713056	0.142857
αποφραξη	8	0.999987	hard	3.266945	0.875000	0.125000	2.719876	0.125000
δειγμα	6	0.993325	hard	3.059880	1.000000	0.000000	2.455140	0.166667
βοηθεια	7	0.986028	hard	3.106865	1.000000	0.000000	2.459414	0.142857
ενδυση	6	0.977253	hard	2.990652	1.000000	0.000000	2.618002	0.166667
αγωγοσ	6	0.973116	hard	3.134634	0.833333	0.166667	2.975814	0.166667
μελωδια	7	0.970224	hard	3.109300	1.000000	0.000000	2.428595	0.142857
φυλακιση	8	0.969883	hard	3.081360	1.000000	0.000000	2.610781	0.125000
φεγγαρι	7	0.966869	hard	3.261746	0.857143	0.142857	2.656951	0.142857
κλαδοσ	6	0.965283	hard	2.961704	1.000000	0.000000	2.678054	0.166667
πλειοψηφια	10	0.963370	hard	3.270488	0.900000	0.100000	2.690883	0.100000
πωληση	6	0.960214	hard	3.183590	0.833333	0.166667	2.823444	0.166667
συμφωνια	8	0.959486	hard	3.117069	1.000000	0.000000	2.498128	0.125000
ευτυχωσ	7	0.957320	hard	3.160659	0.857143	0.142857	2.916099	0.142857
ανθρωποσ	8	0.953811	hard	3.064793	1.000000	0.000000	2.631015	0.125000
φιγουρα	7	0.952465	hard	3.118173	1.000000	0.000000	2.377339	0.142857
λεσβια	6	0.950648	hard	3.002737	1.000000	0.000000	2.544487	0.166667
εφηβεια	7	0.947699	hard	3.160122	0.857143	0.142857	2.902806	0.142857
εκσκαφη	7	0.944629	hard	3.035033	0.857143	0.142857	3.236893	0.142857
πληκτρο	7	0.944372	hard	2.995312	1.000000	0.000000	2.697694	0.142857
κουζινα	7	0.940976	hard	3.080444	1.000000	0.000000	2.461913	0.142857
συνδρομη	8	0.926047	hard	3.033639	1.000000	0.000000	2.672832	0.125000
οδικωσ	6	0.919887	hard	3.047079	1.000000	0.000000	2.377235	0.166667
επαρκωσ	7	0.917080	hard	2.931638	1.000000	0.000000	2.828313	0.142857
βεβαιωση	8	0.916808	hard	3.279008	0.875000	0.125000	2.559697	0.125000
γλωσσα	6	0.916223	hard	3.097067	0.833333	0.166667	2.990350	0.166667
ακυρωση	7	0.912731	hard	2.989131	1.000000	0.000000	2.665930	0.142857
εισβολη	7	0.894091	hard	3.023005	1.000000	0.000000	2.545613	0.142857
πνευμα	6	0.891468	hard	2.858577	1.000000	0.000000	2.844216	0.166667
συνηθωσ	7	0.890643	hard	3.192016	0.857143	0.142857	2.728964	0.142857
παγωτο	6	0.889561	hard	3.016646	1.000000	0.000000	2.413174	0.166667
μηχανη	6	0.889328	hard	3.112966	0.833333	0.166667	2.906062	0.166667
δελτιο	6	0.888009	hard	2.885381	1.000000	0.000000	2.766316	0.166667
ζυγαρια	7	0.884622	hard	3.212794	0.857143	0.142857	2.663456	0.142857
διαρκωσ	7	0.884420	hard	3.031455	1.000000	0.000000	2.507900	0.142857
γραμμη	6	0.882903	hard	3.155525	0.833333	0.166667	2.780945	0.166667
βιβλιο	6	0.882658	hard	3.423325	0.666667	0.333333	2.809376	0.166667
δειπνο	6	0.877986	hard	2.872130	1.000000	0.000000	2.786840	0.166667
υποδοχη	7	0.876438	hard	3.208074	0.857143	0.142857	2.663695	0.142857
σκληρα	6	0.876272	hard	2.916745	1.000000	0.000000	2.663378	0.166667
ευθεωσ	6	0.875891	hard	3.161889	0.833333	0.166667	2.752960	0.166667
αρπαγη	6	0.871771	hard	2.931897	0.833333	0.166667	3.369560	0.166667
θεωρια	6	0.871433	hard	3.076447	1.000000	0.000000	2.223420	0.166667
σχεδια	6	0.869053	hard	2.994703	1.000000	0.000000	2.441169	0.166667
γεωργοσ	7	0.860179	hard	3.178860	0.857143	0.142857	2.717896	0.142857
κρεβατι	7	0.848202	hard	2.973844	1.000000	0.000000	2.608418	0.142857
συμβουλη	8	0.846333	hard	3.246833	0.875000	0.125000	2.538809	0.125000
χορηγια	7	0.843529	hard	3.047705	1.000000	0.000000	2.401207	0.142857
πιστευω	7	0.843272	hard	2.878566	1.000000	0.000000	2.858912	0.142857
μετοχη	6	0.841985	hard	3.019068	1.000000	0.000000	2.333685	0.166667
εξισωση	7	0.838345	hard	3.164945	0.857143	0.142857	2.722115	0.142857
φιλετο	6	0.837765	hard	3.005407	1.000000	0.000000	2.364217	0.166667
εκτροπη	7	0.836173	hard	2.838641	1.000000	0.000000	2.956164	0.142857
συνθηκη	7	0.834751	hard	3.163259	0.857143	0.142857	2.721170	0.142857
προφανωσ	8	0.834233	hard	3.092617	1.000000	0.000000	2.372354	0.125000
μοχλοσ	6	0.833803	hard	3.085261	0.833333	0.166667	2.895984	0.166667
αρχηγειο	8	0.831842	hard	2.974689	1.000000	0.000000	2.688085	0.125000
επιδρομη	8	0.831123	hard	2.983171	1.000000	0.000000	2.664010	0.125000
εκθεση	6	0.828946	hard	3.025422	0.833333	0.166667	3.050606	0.166667
αριθμοσ	7	0.828493	hard	2.907169	1.000000	0.000000	2.758789	0.142857
συλλογη	7	0.826282	hard	3.151823	0.857143	0.142857	2.739162	0.142857
σφραγιδα	8	0.826148	hard	3.133783	0.875000	0.125000	2.814056	0.125000
εγκριση	7	0.825275	hard	2.947252	1.000000	0.000000	2.645295	0.142857
εθνικοσ	7	0.823317	hard	2.887268	1.000000	0.000000	2.804755	0.142857
σπουδη	6	0.816739	hard	3.037755	1.000000	0.000000	2.244372	0.166667
ιδρυτησ	7	0.814190	hard	2.960464	1.000000	0.000000	2.592518	0.142857
αποκαλυψη	9	0.811262	hard	3.247376	0.888889	0.111111	2.503987	0.111111
ορθοδοξια	9	0.810974	hard	3.177814	0.777778	0.222222	3.194694	0.111111
λογικη	6	0.806561	hard	3.066798	1.000000	0.000000	2.150111	0.166667
ψηφοφορια	9	0.805611	hard	3.473474	0.777778	0.222222	2.385701	0.111111
προσευχη	8	0.797086	hard	3.026009	1.000000	0.000000	2.495814	0.125000
αθλημα	6	0.795977	hard	3.115502	0.833333	0.166667	2.756095	0.166667
ξεχωριστα	9	0.791588	hard	3.214053	1.000000	0.000000	2.061333	0.111111
επιβιωση	8	0.786278	hard	3.092156	0.875000	0.125000	2.865679	0.125000
συμβολο	7	0.781655	hard	3.168555	0.857143	0.142857	2.625435	0.142857
αναπτυξη	8	0.781637	hard	3.058636	0.875000	0.125000	2.949354	0.125000
τυχεροσ	7	0.778725	hard	2.938589	1.000000	0.000000	2.597401	0.142857
καθιερωση	9	0.774559	hard	3.016421	1.000000	0.000000	2.570500	0.111111
προβολη	7	0.770112	hard	3.211270	0.857143	0.142857	2.492051	0.142857
βιβλιοθηκη	10	0.766515	hard	3.420760	0.700000	0.300000	2.887067	0.100000
γραφειο	7	0.760044	hard	3.021301	1.000000	0.000000	2.344746	0.142857
προθεση	7	0.757493	hard	3.023120	1.000000	0.000000	2.335908	0.142857
φροντιδα	8	0.752511	hard	3.013456	1.000000	0.000000	2.461481	0.125000
οξυγονο	7	0.751076	hard	3.193719	0.714286	0.285714	3.156793	0.142857
φιλοδοξια	9	0.749311	hard	3.257743	0.777778	0.222222	2.883689	0.111111
εβδομαδα	8	0.747682	hard	3.181474	0.750000	0.250000	3.130196	0.125000
πυρηνασ	7	0.746305	hard	2.847833	1.000000	0.000000	2.793510	0.142857
τραπεζα	7	0.743914	hard	3.037427	0.857143	0.142857	2.922731	0.142857
χαρτησ	6	0.743529	hard	2.958861	1.000000	0.000000	2.345827	0.166667
μεταβολη	8	0.738804	hard	3.042068	1.000000	0.000000	2.362979	0.125000
υπεροχα	7	0.735332	hard	2.978949	1.000000	0.000000	2.421569	0.142857
ρυπανση	7	0.730785	hard	2.847833	1.000000	0.000000	2.769719	0.142857
χαμηλα	6	0.725930	hard	3.099592	0.833333	0.166667	2.691811	0.166667
δεξαμενη	8	0.725619	hard	3.213105	0.875000	0.125000	2.445116	0.125000
φιλοξενια	9	0.723041	hard	3.137831	0.888889	0.111111	2.665444	0.111111
γαμησι	6	0.722686	hard	2.891274	1.000000	0.000000	2.496929	0.166667
περυσι	6	0.715231	hard	2.808859	1.000000	0.000000	2.708717	0.166667
βδομαδα	7	0.710520	hard	3.284030	0.714286	0.285714	2.850024	0.142857
επιρροη	7	0.703093	hard	2.797567	0.857143	0.142857	3.509797	0.142857
επωνυμια	8	0.696335	hard	2.919902	1.000000	0.000000	2.628753	0.125000
φυσικα	6	0.696252	hard	3.020690	1.000000	0.000000	2.105897	0.166667
θερμανση	8	0.696035	hard	2.988803	1.000000	0.000000	2.441682	0.125000
σελιδα	6	0.693534	hard	2.847949	1.000000	0.000000	2.569586	0.166667
γιορτη	6	0.693334	hard	2.888090	1.000000	0.000000	2.460561	0.166667
παραλειψη	9	0.690721	hard	3.168669	0.888889	0.111111	2.532380	0.111111
περιγραφη	9	0.688716	hard	3.128908	0.888889	0.111111	2.636996	0.111111
τσιγαρο	7	0.686647	hard	2.717356	1.000000	0.000000	3.055446	0.142857
μεθαυριο	8	0.682847	hard	2.928908	1.000000	0.000000	2.583683	0.125000
μυθολογια	9	0.681263	hard	3.080219	0.888889	0.111111	2.757440	0.111111
αντοχη	6	0.680514	hard	2.872631	1.000000	0.000000	2.482779	0.166667
χημικοσ	7	0.677820	hard	3.024080	1.000000	0.000000	2.211176	0.142857
εξηγηση	7	0.667721	hard	3.336013	0.714286	0.285714	2.643627	0.142857
διαγραφη	8	0.665826	hard	3.189067	0.875000	0.125000	2.418563	0.125000
χορηγοσ	7	0.661205	hard	3.095792	0.857143	0.142857	2.637868	0.142857
κουρσα	6	0.659486	hard	2.738132	1.000000	0.000000	2.814821	0.166667
εφορια	6	0.650688	hard	2.858769	1.000000	0.000000	2.474601	0.166667
εισαγωγη	8	0.649969	hard	3.036275	0.875000	0.125000	2.808082	0.125000
επιταχυνση	10	0.646265	hard	2.865971	1.000000	0.000000	2.847921	0.100000
κυκλοσ	6	0.642630	hard	2.989408	0.833333	0.166667	2.862542	0.166667
μεμβρανη	8	0.639450	hard	3.147120	0.875000	0.125000	2.491742	0.125000
ευεξια	6	0.639197	hard	3.006373	0.833333	0.166667	2.811330	0.166667
κατοχη	6	0.637212	hard	2.937493	1.000000	0.000000	2.240726	0.166667
μετωπο	6	0.636406	hard	2.965216	1.000000	0.000000	2.164404	0.166667
δυναμικη	8	0.636161	hard	3.001888	1.000000	0.000000	2.314459	0.125000
γαμπροσ	7	0.631746	hard	2.955259	1.000000	0.000000	2.326946	0.142857
αποδοχη	7	0.630920	hard	3.064294	0.857143	0.142857	2.676756	0.142857
εγκεφαλοσ	9	0.626383	hard	3.046004	0.888889	0.111111	2.765983	0.111111
ομπρελα	7	0.621490	hard	2.884284	1.000000	0.000000	2.503452	0.142857
γεωργια	7	0.620829	hard	3.130772	0.857143	0.142857	2.481235	0.142857
δαπεδο	6	0.617862	hard	3.038617	0.833333	0.166667	2.691298	0.166667
προωρα	6	0.616651	hard	2.960744	0.833333	0.166667	2.900353	0.166667
πυραμιδα	8	0.608802	hard	2.941762	0.875000	0.125000	3.000957	0.125000
ευκολα	6	0.608570	hard	2.802102	1.000000	0.000000	2.563516	0.166667
συνταγη	7	0.607436	hard	2.877711	1.000000	0.000000	2.499711	0.142857
οδηγοσ	6	0.604052	hard	3.025432	0.833333	0.166667	2.705838	0.166667
πελαγοσ	7	0.603683	hard	2.890751	1.000000	0.000000	2.458642	0.142857
διατυπωση	9	0.603549	hard	2.980752	1.000000	0.000000	2.404963	0.111111
γενεθλια	8	0.603497	hard	3.041304	0.875000	0.125000	2.723223	0.125000
συμπτωμα	8	0.602782	hard	3.021875	0.875000	0.125000	2.774749	0.125000
σκορδο	6	0.601896	hard	2.917325	0.833333	0.166667	2.995332	0.166667
τραγουδι	8	0.601825	hard	2.959712	1.000000	0.000000	2.376057	0.125000
γεωγραφια	9	0.599373	hard	3.201054	0.777778	0.222222	2.807385	0.111111
συγκλιση	8	0.598596	hard	3.034685	0.875000	0.125000	2.733638	0.125000
επιταγη	7	0.598047	hard	2.820034	1.000000	0.000000	2.641535	0.142857
προσβολη	8	0.597943	hard	3.125385	0.875000	0.125000	2.486984	0.125000
επιστροφη	9	0.594175	hard	2.924532	1.000000	0.000000	2.542862	0.111111
πληρησ	6	0.591353	hard	3.062561	0.833333	0.166667	2.585812	0.166667
παραδοχη	8	0.590105	hard	3.048471	0.875000	0.125000	2.683284	0.125000
αμφιθεατρο	10	0.574731	hard	2.975429	0.900000	0.100000	2.894278	0.100000
κουμπι	6	0.574446	hard	2.936820	1.000000	0.000000	2.146334	0.166667
μεγαλοσ	7	0.572400	hard	2.907528	1.000000	0.000000	2.365249	0.142857
οπτικη	6	0.566270	hard	2.776128	1.000000	0.000000	2.569021	0.166667
αγκυρα	6	0.564959	hard	2.953825	0.833333	0.166667	2.839854	0.166667
διαθηκη	7	0.564143	hard	3.172471	0.857143	0.142857	2.281403	0.142857
δημαρχειο	9	0.563641	hard	3.022142	1.000000	0.000000	2.231687	0.111111
καθαρση	7	0.563347	hard	2.944526	0.857143	0.142857	2.897553	0.142857
προσθηκη	8	0.561681	hard	3.107898	0.875000	0.125000	2.478759	0.125000
διαπλοκη	8	0.559248	hard	2.977543	1.000000	0.000000	2.262496	0.125000
συμπτωση	8	0.556991	hard	3.021358	0.875000	0.125000	2.705954	0.125000
βαμβακι	7	0.554918	hard	3.304149	0.714286	0.285714	2.557010	0.142857
δυστυχια	8	0.554265	hard	3.044831	0.875000	0.125000	2.638203	0.125000
πυρετοσ	7	0.554159	hard	2.767348	1.000000	0.000000	2.716951	0.142857
υποταγη	7	0.549319	hard	2.909428	1.000000	0.000000	2.324721	0.142857
συνεχωσ	7	0.549211	hard	3.106538	0.857143	0.142857	2.437087	0.142857
ηρεμια	6	0.548736	hard	2.734401	1.000000	0.000000	2.655158	0.166667
μεριδα	6	0.547956	hard	2.913107	1.000000	0.000000	2.169951	0.166667
διατριβη	8	0.547592	hard	3.065718	0.875000	0.125000	2.571401	0.125000
καρποσ	6	0.544352	hard	2.754870	1.000000	0.000000	2.592998	0.166667
κινημα	6	0.543195	hard	2.805786	1.000000	0.000000	2.453324	0.166667
ακριβα	6	0.542949	hard	2.986320	0.833333	0.166667	2.718106	0.166667
παραγωγη	8	0.542758	hard	3.178739	0.750000	0.250000	2.823474	0.125000
κοινωσ	6	0.540177	hard	2.842177	1.000000	0.000000	2.350134	0.166667
μηχανικοσ	9	0.539815	hard	2.901453	1.000000	0.000000	2.522040	0.111111
διακυβερνηση	12	0.539695	hard	3.057755	0.916667	0.083333	2.642086	0.083333
απειλη	6	0.535849	hard	2.788898	1.000000	0.000000	2.487803	0.166667
χρυσοσ	6	0.533151	hard	3.010015	0.833333	0.166667	2.638909	0.166667
κυριοσ	6	0.530371	hard	2.776548	1.000000	0.000000	2.512855	0.166667
αδιεξοδο	8	0.529877	hard	3.142140	0.750000	0.250000	2.902853	0.125000
αλευρι	6	0.527753	hard	2.797059	1.000000	0.000000	2.453289	0.166667
δηλαδη	6	0.527377	hard	3.284305	0.666667	0.333333	2.641285	0.166667
πρωτεινη	8	0.526857	hard	2.921962	1.000000	0.000000	2.363379	0.125000
εφημεριδα	9	0.521791	hard	3.074171	0.888889	0.111111	2.529365	0.111111
φραουλα	7	0.520750	hard	3.022929	0.857143	0.142857	2.619908	0.142857
αποβολη	7	0.520068	hard	3.071180	0.857143	0.142857	2.488177	0.142857
χειμωνασ	8	0.518276	hard	2.992549	1.000000	0.000000	2.159045	0.125000
αρχειο	6	0.516802	hard	2.805760	1.000000	0.000000	2.412937	0.166667
σπηλαιο	7	0.516420	hard	2.729624	1.000000	0.000000	2.761276	0.142857
κωδικοσ	7	0.515702	hard	3.068705	0.857143	0.142857	2.488187	0.142857
γαληνη	6	0.515646	hard	3.072369	0.833333	0.166667	2.443196	0.166667
μαζικα	6	0.512667	hard	3.132257	0.833333	0.166667	2.276427	0.166667
τραγωδια	8	0.511466	hard	3.024986	0.875000	0.125000	2.626343	0.125000
εξωτερικο	9	0.508708	hard	3.089076	0.888889	0.111111	2.468941	0.111111
χαμογελο	8	0.504779	hard	3.072835	0.875000	0.125000	2.486496	0.125000
επιδραση	8	0.504572	hard	2.856482	1.000000	0.000000	2.506566	0.125000
φορμουλα	8	0.504553	hard	3.087276	0.875000	0.125000	2.447038	0.125000
υποδομη	7	0.504244	hard	3.053611	0.857143	0.142857	2.511507	0.142857
κουβεντα	8	0.501370	hard	2.949960	1.000000	0.000000	2.248479	0.125000
ευλογια	7	0.500932	hard	2.853766	1.000000	0.000000	2.401304	0.142857
ευρεωσ	6	0.496583	hard	2.925155	0.833333	0.166667	2.812691	0.166667
θαρροσ	6	0.492966	hard	2.956793	0.833333	0.166667	2.721455	0.166667
αγγελοσ	7	0.490511	hard	2.998519	0.857143	0.142857	2.639667	0.142857
δεντρο	6	0.488109	hard	2.885239	1.000000	0.000000	2.153691	0.166667
παραβολη	8	0.486870	hard	3.054496	0.875000	0.125000	2.508714	0.125000
αθλητησ	7	0.485823	hard	3.037073	0.857143	0.142857	2.528060	0.142857
αναδειξη	8	0.484911	hard	3.047831	0.875000	0.125000	2.523764	0.125000
σιγουρα	7	0.481164	hard	2.798935	1.000000	0.000000	2.519506	0.142857
λεκανη	6	0.480357	hard	2.855550	1.000000	0.000000	2.222219	0.166667
κοπελα	6	0.480157	hard	2.818840	1.000000	0.000000	2.321337	0.166667
ημεριδα	7	0.477701	hard	2.920729	1.000000	0.000000	2.184329	0.142857
εμμονη	6	0.476364	hard	2.878637	0.833333	0.166667	2.907687	0.166667
μοτιβο	6	0.475579	hard	2.981681	0.833333	0.166667	2.627396	0.166667
σιδερο	6	0.470235	hard	2.803570	1.000000	0.000000	2.347484	0.166667
χωριστα	7	0.469121	hard	2.999208	1.000000	0.000000	1.958623	0.142857
ξεκουραση	9	0.468075	hard	3.036364	1.000000	0.000000	2.046673	0.111111
μισθοσ	6	0.467957	hard	2.937214	0.833333	0.166667	2.736147	0.166667
κιθαρα	6	0.465145	hard	2.914459	0.833333	0.166667	2.793469	0.166667
γνωριμια	8	0.464480	hard	2.998737	0.875000	0.125000	2.625412	0.125000
πλησιον	7	0.463918	hard	2.825918	1.000000	0.000000	2.419988	0.142857
δοκαρι	6	0.463282	hard	2.861223	1.000000	0.000000	2.180677	0.166667
βουληση	7	0.463191	hard	3.205697	0.857143	0.142857	2.036661	0.142857
αμφιβολια	9	0.462851	hard	3.106820	0.777778	0.222222	2.853332	0.111111
πλυντηριο	9	0.461113	hard	2.898380	1.000000	0.000000	2.409721	0.111111
τεχνικοσ	8	0.460286	hard	2.835755	1.000000	0.000000	2.494814	0.125000
κηδεια	6	0.459972	hard	2.861359	1.000000	0.000000	2.175235	0.166667
μαγνησιο	8	0.459301	hard	2.808789	1.000000	0.000000	2.566342	0.125000
αντιγραφη	9	0.456966	hard	2.983751	0.888889	0.111111	2.674889	0.111111
παντελωσ	8	0.452750	hard	2.893418	1.000000	0.000000	2.327089	0.125000
δυτικα	6	0.451521	hard	2.908405	1.000000	0.000000	2.034860	0.166667
επιδειξη	8	0.443691	hard	3.171791	0.750000	0.250000	2.690431	0.125000
αληθινα	7	0.436454	hard	2.929781	0.857143	0.142857	2.742974	0.142857
ξεναγηση	8	0.435877	hard	3.166268	0.875000	0.125000	2.127821	0.125000
ηγεσια	6	0.434985	hard	2.741945	1.000000	0.000000	2.460355	0.166667
παντωσ	6	0.434237	hard	2.853914	1.000000	0.000000	2.155950	0.166667
σωληνασ	7	0.433561	hard	2.908809	0.857143	0.142857	2.795340	0.142857
μεταμορφωση	11	0.429377	hard	3.037211	0.909091	0.090909	2.517490	0.090909
συγκεντρωση	11	0.429166	hard	3.013897	0.909091	0.090909	2.580309	0.090909
πυρκαγια	8	0.428219	hard	2.916349	0.875000	0.125000	2.792969	0.125000
μικροσ	6	0.427927	hard	2.812859	1.000000	0.000000	2.257472	0.166667
χημεια	6	0.427168	hard	2.955225	1.000000	0.000000	1.870722	0.166667
μεταγραφη	9	0.427008	hard	3.055765	0.888889	0.111111	2.433920	0.111111
εξαιρεση	8	0.426473	hard	2.937882	0.875000	0.125000	2.731970	0.125000
αλλιωσ	6	0.422774	hard	2.997954	0.833333	0.166667	2.502378	0.166667
φωτογραφοσ	10	0.420333	hard	3.232888	0.800000	0.200000	2.412763	0.100000
διαρροη	7	0.418826	hard	2.864457	0.857143	0.142857	2.892876	0.142857
στομαχι	7	0.417281	hard	2.815642	1.000000	0.000000	2.376330	0.142857
συγκυρια	8	0.416701	hard	2.952415	0.875000	0.125000	2.677628	0.125000
θρησκεια	8	0.416124	hard	2.913220	1.000000	0.000000	2.217313	0.125000
εξωτερικα	9	0.414662	hard	3.069282	0.888889	0.111111	2.378388	0.111111
συνεδρια	8	0.413578	hard	2.824281	1.000000	0.000000	2.454293	0.125000
νεκροσ	6	0.409170	hard	2.737458	1.000000	0.000000	2.432936	0.166667
λαστιχο	7	0.409040	hard	2.844317	1.000000	0.000000	2.286035	0.142857
τεχνογνωσια	11	0.406662	hard	2.933693	0.909091	0.090909	2.763040	0.090909
καθοδηγηση	10	0.403517	hard	3.164209	0.800000	0.200000	2.572998	0.100000
αναβιωση	8	0.395316	hard	2.968197	0.875000	0.125000	2.602106	0.125000
υπηρεσια	8	0.394690	hard	2.744355	1.000000	0.000000	2.641813	0.125000
μαυροσ	6	0.393077	hard	2.764982	1.000000	0.000000	2.333722	0.166667
χρονια	6	0.389044	hard	2.863378	1.000000	0.000000	2.061042	0.166667
γηρανση	7	0.387344	hard	2.930568	0.857143	0.142857	2.665560	0.142857
λογικα	6	0.386510	hard	2.928259	1.000000	0.000000	1.881433	0.166667
υπνοδωματιο	11	0.381554	hard	2.921065	0.909091	0.090909	2.758753	0.090909
συνθεση	7	0.376675	hard	2.995094	0.857143	0.142857	2.474443	0.142857
διαμονη	7	0.374545	hard	2.855476	1.000000	0.000000	2.202933	0.142857
αναβολη	7	0.371060	hard	2.983898	0.857143	0.142857	2.496159	0.142857
παγιδα	6	0.367827	hard	2.985581	0.833333	0.166667	2.451660	0.166667
ερωτασ	6	0.366747	hard	2.775253	1.000000	0.000000	2.265541	0.166667
διαδρομη	8	0.365744	hard	3.041700	0.875000	0.125000	2.357697	0.125000
καραβι	6	0.362002	hard	2.986320	0.833333	0.166667	2.440730	0.166667
φωτογραφια	10	0.361717	hard	3.199227	0.800000	0.200000	2.414080	0.100000
ορμονη	6	0.357296	hard	2.812985	0.833333	0.166667	2.902977	0.166667
αξονασ	6	0.356139	hard	2.897624	0.833333	0.166667	2.671969	0.166667
διευθυντησ	10	0.353193	hard	3.055821	0.900000	0.100000	2.336944	0.100000
μυστηριο	8	0.351674	hard	2.794685	1.000000	0.000000	2.439559	0.125000
κιολασ	6	0.351435	hard	2.682874	1.000000	0.000000	2.492270	0.166667
μαθηση	6	0.348956	hard	3.081360	0.833333	0.166667	2.163324	0.166667
θεατησ	6	0.347366	hard	2.866059	1.000000	0.000000	1.989893	0.166667
ανακαλυψη	9	0.345956	hard	3.179490	0.777778	0.222222	2.477325	0.111111
ταβερνα	7	0.344908	hard	2.885320	0.857143	0.142857	2.723060	0.142857
κολαση	6	0.344851	hard	2.782998	1.000000	0.000000	2.210999	0.166667
επιτυχια	8	0.342931	hard	2.840686	0.875000	0.125000	2.867155	0.125000
φρουρα	6	0.342616	hard	3.096809	0.833333	0.166667	2.111760	0.166667
πρυτανησ	8	0.341978	hard	2.813183	1.000000	0.000000	2.374596	0.125000
μητερα	6	0.341216	hard	2.768553	1.000000	0.000000	2.244551	0.166667
διανομη	7	0.339912	hard	2.855476	1.000000	0.000000	2.149845	0.142857
πολυτιμα	8	0.338044	hard	2.836074	1.000000	0.000000	2.306565	0.125000
σκυλοσ	6	0.337340	hard	2.877029	0.833333	0.166667	2.698930	0.166667
εγκαταλειψη	11	0.337144	hard	3.126292	0.818182	0.181818	2.546175	0.090909
δυνητικα	8	0.335175	hard	2.903273	1.000000	0.000000	2.120165	0.125000
προφητεια	9	0.334616	hard	2.881314	1.000000	0.000000	2.262034	0.111111
κεντρο	6	0.332142	hard	2.745199	1.000000	0.000000	2.293894	0.166667
πολυθρονα	9	0.330478	hard	3.018607	0.888889	0.111111	2.386588	0.111111
συνδρομο	8	0.330035	hard	2.952003	0.875000	0.125000	2.545893	0.125000
πυκνοτητα	9	0.329733	hard	2.771987	0.888889	0.111111	3.053397	0.111111
πρωτοβουλια	11	0.323825	hard	3.051612	0.909091	0.090909	2.316684	0.090909
φουρνοσ	7	0.321667	hard	2.996660	0.857143	0.142857	2.385877	0.142857
μελανι	6	0.321608	hard	2.782275	1.000000	0.000000	2.177328	0.166667
φορτιο	6	0.321498	hard	2.906302	0.833333	0.166667	2.595363	0.166667
μυστικο	7	0.320757	hard	2.781946	1.000000	0.000000	2.319632	0.142857
αλληλεγγυη	10	0.319764	hard	3.234724	0.600000	0.400000	3.158571	0.100000
παιδαγωγοσ	10	0.319167	hard	3.058957	0.800000	0.200000	2.728764	0.100000
εξωστρεφεια	11	0.318276	hard	3.106518	0.818182	0.181818	2.570808	0.090909
καπελο	6	0.316936	hard	2.818840	1.000000	0.000000	2.071134	0.166667
καθηκον	7	0.315750	hard	3.022505	0.857143	0.142857	2.306809	0.142857
ευκολια	7	0.315053	hard	2.739762	1.000000	0.000000	2.425140	0.142857
βαλιτσα	7	0.313401	hard	2.894100	0.857143	0.142857	2.650984	0.142857
προσκυνημα	10	0.313058	hard	2.880622	1.000000	0.000000	2.297463	0.100000
ηπειροσ	7	0.312818	hard	2.713043	1.000000	0.000000	2.494079	0.142857
φωτισμοσ	8	0.312808	hard	3.032318	0.875000	0.125000	2.301960	0.125000
μπουκαλι	8	0.310910	hard	2.914553	1.000000	0.000000	2.052418	0.125000
ατυχια	6	0.310800	hard	2.798216	0.833333	0.166667	2.871706	0.166667
εκταση	6	0.310423	hard	2.643092	1.000000	0.000000	2.537150	0.166667
αλυσιδα	7	0.308737	hard	2.843004	0.857143	0.142857	2.782223	0.142857
υπερταση	8	0.308256	hard	2.769969	1.000000	0.000000	2.439943	0.125000
λεωφορειο	9	0.307441	hard	3.021850	0.777778	0.222222	2.845238	0.111111
κουρεμα	7	0.307127	hard	2.818249	1.000000	0.000000	2.200412	0.142857
ταχυδρομειο	11	0.303893	hard	2.932592	0.909091	0.090909	2.608485	0.090909
ενυδρειο	8	0.301459	hard	2.838974	0.875000	0.125000	2.808220	0.125000
προφητησ	8	0.300617	hard	3.057243	0.875000	0.125000	2.215764	0.125000
δοχειο	6	0.299403	hard	2.989258	0.833333	0.166667	2.336812	0.166667
πουθενα	7	0.297211	hard	2.948791	1.000000	0.000000	1.831649	0.142857
χουντα	6	0.293435	hard	2.901835	1.000000	0.000000	1.810323	0.166667
συνεπωσ	7	0.291512	hard	2.935298	0.857143	0.142857	2.505849	0.142857
φαραγγι	7	0.289800	medium	3.214838	0.714286	0.285714	2.392499	0.142857
ευρωπαικοσ	10	0.289334	medium	2.834225	1.000000	0.000000	2.386757	0.100000
σπειρα	6	0.286098	medium	2.641115	1.000000	0.000000	2.505215	0.166667
κολυμβητηριο	12	0.286040	medium	3.069941	0.833333	0.166667	2.597310	0.083333
κλειδι	6	0.284112	medium	2.998744	0.833333	0.166667	2.287682	0.166667
προηγουμενωσ	12	0.282385	medium	3.007335	0.916667	0.083333	2.384214	0.083333
μαρουλι	7	0.282377	medium	2.855957	1.000000	0.000000	2.060343	0.142857
γενικα	6	0.281691	medium	2.828128	1.000000	0.000000	1.991950	0.166667
ημιχρονο	8	0.280292	medium	2.960554	0.875000	0.125000	2.446483	0.125000
αιρεση	6	0.279900	medium	2.595173	1.000000	0.000000	2.620145	0.166667
διαβολοσ	8	0.278463	medium	3.027286	0.875000	0.125000	2.262941	0.125000
λαχανο	6	0.276057	medium	2.899032	0.833333	0.166667	2.545395	0.166667
καταγωγη	8	0.274313	medium	3.105128	0.750000	0.250000	2.611340	0.125000
αποπληρωμη	10	0.274157	medium	3.074349	0.800000	0.200000	2.618081	0.100000
βαθμολογια	10	0.271664	medium	3.168294	0.800000	0.200000	2.359816	0.100000
διαδηλωση	9	0.268876	medium	3.159752	0.777778	0.222222	2.412625	0.111111
αγγειο	6	0.267807	medium	2.878481	0.833333	0.166667	2.588409	0.166667
μουσικη	7	0.265566	medium	2.838493	1.000000	0.000000	2.081874	0.142857
εργατησ	7	0.264932	medium	2.824634	1.000000	0.000000	2.118439	0.142857
οδηγηση	7	0.263876	medium	3.110306	0.714286	0.285714	2.635876	0.142857
γρηγορα	7	0.260188	medium	3.091394	0.714286	0.285714	2.681444	0.142857
δημιουργοσ	10	0.256807	medium	3.013541	0.900000	0.100000	2.303704	0.100000
ακρωτηρι	8	0.255196	medium	2.913781	0.875000	0.125000	2.534693	0.125000
θητεια	6	0.247934	medium	2.839648	1.000000	0.000000	1.909003	0.166667
επισκευη	8	0.247549	medium	2.795725	0.875000	0.125000	2.842716	0.125000
εκκλησια	8	0.245166	medium	2.801547	0.875000	0.125000	2.823296	0.125000
προκληση	8	0.241804	medium	2.985900	0.875000	0.125000	2.318837	0.125000
αντιγραφο	9	0.241354	medium	2.911186	0.888889	0.111111	2.540912	0.111111
εκπαιδευση	10	0.232371	medium	2.853973	0.900000	0.100000	2.698425	0.100000
επειδη	6	0.231515	medium	2.923361	0.833333	0.166667	2.411224	0.166667
κοιλαδα	7	0.231368	medium	2.820998	0.857143	0.142857	2.723225	0.142857
μηχανικα	8	0.231295	medium	2.926343	0.875000	0.125000	2.464034	0.125000
σαλονι	6	0.230682	medium	2.618012	1.000000	0.000000	2.482839	0.166667
συνεχιση	8	0.224975	medium	2.904489	0.875000	0.125000	2.513533	0.125000
βουλευτησ	9	0.224828	medium	3.072147	0.888889	0.111111	2.079629	0.111111
αθλητισμοσ	10	0.224552	medium	2.885589	0.900000	0.100000	2.600811	0.100000
προσβαση	8	0.223890	medium	2.973605	0.875000	0.125000	2.324676	0.125000
παλιοσ	6	0.219776	medium	2.690151	1.000000	0.000000	2.270740	0.166667
καλλιτεχνησ	11	0.218574	medium	2.963174	0.909091	0.090909	2.394871	0.090909
καταβολη	8	0.218426	medium	2.980886	0.875000	0.125000	2.296580	0.125000
παραλαβη	8	0.217670	medium	3.032228	0.750000	0.250000	2.721956	0.125000
ασφαλωσ	7	0.214204	medium	3.068570	0.714286	0.285714	2.672772	0.142857
μαξιλαρι	8	0.213700	medium	3.063253	0.750000	0.250000	2.631841	0.125000
επιβεβαιωση	11	0.213646	medium	3.118499	0.727273	0.272727	2.789307	0.090909
πλατοσ	6	0.211108	medium	2.724303	1.000000	0.000000	2.164956	0.166667
κυκλοφορια	10	0.209071	medium	3.010129	0.800000	0.200000	2.692243	0.100000
τουμπα	6	0.208721	medium	2.793766	1.000000	0.000000	1.973159	0.166667
δεικτησ	7	0.206160	medium	2.875392	1.000000	0.000000	1.890873	0.142857
μελλον	6	0.202246	medium	3.011059	0.833333	0.166667	2.128832	0.166667
απλοχερα	8	0.200669	medium	2.925808	0.875000	0.125000	2.418536	0.125000
κοντρα	6	0.200272	medium	2.690473	1.000000	0.000000	2.239969	0.166667
παρτιδα	7	0.200197	medium	2.800497	0.857143	0.142857	2.730967	0.142857
παραγωγοσ	9	0.200146	medium	3.033445	0.777778	0.222222	2.649361	0.111111
εαυτοσ	6	0.200086	medium	2.524782	1.000000	0.000000	2.688446	0.166667
ωραιοσ	6	0.195046	medium	2.716066	1.000000	0.000000	2.162640	0.166667
ταυροσ	6	0.194771	medium	2.633494	1.000000	0.000000	2.385859	0.166667
εξευρεση	8	0.194301	medium	3.075923	0.750000	0.250000	2.567789	0.125000
δρομοσ	6	0.193693	medium	2.944175	0.833333	0.166667	2.296874	0.166667
γεωμετρια	9	0.192663	medium	2.923631	0.888889	0.111111	2.432565	0.111111
τσιμπουκι	9	0.191703	medium	2.786829	0.888889	0.111111	2.801613	0.111111
στραβα	6	0.191376	medium	2.908093	0.833333	0.166667	2.391048	0.166667
πρωταθλητησ	11	0.190323	medium	3.093650	0.818182	0.181818	2.409519	0.090909
συγγενησ	8	0.190274	medium	3.052798	0.750000	0.250000	2.624250	0.125000
εξοπλισμοσ	10	0.187564	medium	3.013482	0.800000	0.200000	2.650195	0.100000
σωματειο	8	0.186323	medium	2.696789	1.000000	0.000000	2.451233	0.125000
θεολογια	8	0.186300	medium	2.960539	0.875000	0.125000	2.302443	0.125000
κεφαλαιο	8	0.183742	medium	2.866340	0.875000	0.125000	2.553651	0.125000
σκουπα	6	0.179556	medium	2.759176	1.000000	0.000000	2.022137	0.166667
εξεταση	7	0.179246	medium	2.941730	0.857143	0.142857	2.316333	0.142857
σκοταδι	7	0.179163	medium	2.735186	1.000000	0.000000	2.229226	0.142857
ορχηστρα	8	0.177796	medium	2.897799	0.875000	0.125000	2.459331	0.125000
γεματοσ	7	0.176916	medium	2.766150	1.000000	0.000000	2.141918	0.142857
φανελα	6	0.175605	medium	2.977076	0.833333	0.166667	2.180037	0.166667
βιβλιογραφια	12	0.171985	medium	3.253944	0.666667	0.333333	2.678239	0.083333
περιστροφη	10	0.170132	medium	2.943664	0.900000	0.100000	2.360096	0.100000
μεθοδολογια	11	0.167695	medium	3.035995	0.818182	0.181818	2.530987	0.090909
υιοθεσια	8	0.165510	medium	2.730720	0.875000	0.125000	2.893020	0.125000
επαρχια	7	0.164999	medium	2.842647	0.857143	0.142857	2.562852	0.142857
σεληνη	6	0.162651	medium	2.881710	0.833333	0.166667	2.418469	0.166667
ανεμοσ	6	0.158570	medium	2.600869	1.000000	0.000000	2.418729	0.166667
σημερον	7	0.157432	medium	2.793187	1.000000	0.000000	2.038825	0.142857
αφαιρεση	8	0.153704	medium	2.808139	0.875000	0.125000	2.665238	0.125000
στρωση	6	0.153341	medium	2.923893	0.833333	0.166667	2.289949	0.166667
συλλογικα	9	0.149579	medium	2.977301	0.888889	0.111111	2.221163	0.111111
σκιτσο	6	0.149481	medium	2.582760	0.833333	0.166667	3.207963	0.166667
τεχνολογια	10	0.148884	medium	2.896877	0.900000	0.100000	2.454246	0.100000
δαπανη	6	0.148140	medium	2.887837	0.833333	0.166667	2.379630	0.166667
αλλαγη	6	0.148099	medium	3.058994	0.666667	0.333333	2.670123	0.166667
μεταβιβαση	10	0.147342	medium	3.045545	0.800000	0.200000	2.501698	0.100000
πρεσβεια	8	0.147224	medium	2.909712	0.875000	0.125000	2.380202	0.125000
οπτικα	6	0.146219	medium	2.637589	1.000000	0.000000	2.300343	0.166667
σημερα	6	0.144657	medium	2.760812	1.000000	0.000000	1.964210	0.166667
βεβαια	6	0.143866	medium	3.172435	0.666667	0.333333	2.356388	0.166667
γνωστοσ	7	0.140915	medium	2.940028	0.857143	0.142857	2.262185	0.142857
φρουτο	6	0.140754	medium	3.035630	0.833333	0.166667	1.968024	0.166667
συνειδητα	9	0.136628	medium	2.779499	1.000000	0.000000	2.234294	0.111111
αναδρομη	8	0.134414	medium	2.859212	0.875000	0.125000	2.497343	0.125000
ελευση	6	0.134189	medium	2.853297	0.833333	0.166667	2.451795	0.166667
δυνατοσ	7	0.132533	medium	2.790443	1.000000	0.000000	2.008088	0.142857
βλακεια	7	0.132217	medium	2.975132	0.857143	0.142857	2.153776	0.142857
καρυδια	7	0.126977	medium	2.875840	0.857143	0.142857	2.414667	0.142857
καταρχην	8	0.125742	medium	2.921494	0.875000	0.125000	2.315362	0.125000
ενταυθα	7	0.124214	medium	2.827415	0.857143	0.142857	2.541586	0.142857
πουλια	6	0.123254	medium	2.793068	1.000000	0.000000	1.844038	0.166667
προεδρια	8	0.122140	medium	2.848804	0.875000	0.125000	2.506715	0.125000
υποσχεση	8	0.121605	medium	2.952050	0.875000	0.125000	2.226263	0.125000
ομορφοσ	7	0.119737	medium	2.956939	0.714286	0.285714	2.830306	0.142857
νηπιαγωγειο	11	0.117040	medium	2.954228	0.818182	0.181818	2.674794	0.090909
ενισχυτησ	9	0.115597	medium	2.867394	0.888889	0.111111	2.466744	0.111111
ταπεινωση	9	0.115335	medium	2.768806	1.000000	0.000000	2.230616	0.111111
πλαγια	6	0.114325	medium	2.905844	0.833333	0.166667	2.279026	0.166667
ανακυκλωση	10	0.114166	medium	2.951131	0.800000	0.200000	2.706554	0.100000
μαθητησ	7	0.109614	medium	3.008399	0.857143	0.142857	2.029028	0.142857
τιμωρια	7	0.109277	medium	2.822107	0.857143	0.142857	2.533067	0.142857
χρεοκοπια	9	0.108749	medium	2.843168	0.888889	0.111111	2.521862	0.111111
στρεμμα	7	0.108629	medium	2.789800	0.857143	0.142857	2.619576	0.142857
επιθετο	7	0.105542	medium	2.850753	0.857143	0.142857	2.449756	0.142857
προελευση	9	0.104667	medium	2.865681	0.888889	0.111111	2.454629	0.111111
αγωνια	6	0.098450	medium	2.880665	0.833333	0.166667	2.322886	0.166667
καλλονη	7	0.097818	medium	2.934767	0.857143	0.142857	2.210371	0.142857
αγωνισμα	8	0.097026	medium	2.895966	0.875000	0.125000	2.340484	0.125000
δημιουργια	10	0.094408	medium	2.979880	0.900000	0.100000	2.145930	0.100000
μνημειο	7	0.093369	medium	2.805363	0.857143	0.142857	2.554030	0.142857
φαρμακειο	9	0.089945	medium	2.871762	0.888889	0.111111	2.415592	0.111111
σχολειο	7	0.089935	medium	2.854474	0.857143	0.142857	2.415754	0.142857
επιστολη	8	0.089115	medium	2.750794	1.000000	0.000000	2.155954	0.125000
αποτυχια	8	0.089003	medium	2.793098	0.875000	0.125000	2.606795	0.125000
διαλυμα	7	0.088077	medium	2.962343	0.857143	0.142857	2.120752	0.142857
σταθμοσ	7	0.086811	medium	2.851918	0.857143	0.142857	2.417888	0.142857
πατωμα	6	0.084907	medium	2.880799	0.833333	0.166667	2.301762	0.166667
συνοδεια	8	0.082506	medium	2.723971	1.000000	0.000000	2.218471	0.125000
αριθμητικη	10	0.081099	medium	2.958036	0.800000	0.200000	2.637164	0.100000
θησαυροσ	8	0.080243	medium	2.907156	0.875000	0.125000	2.284451	0.125000
θρησκευτικα	11	0.078335	medium	2.928776	0.909091	0.090909	2.273060	0.090909
γκρινια	7	0.075897	medium	2.855252	0.857143	0.142857	2.392126	0.142857
ταβανι	6	0.073841	medium	2.830587	0.833333	0.166667	2.420795	0.166667
αποστροφη	9	0.072202	medium	2.882232	0.888889	0.111111	2.360038	0.111111
οργανο	6	0.071496	medium	2.780602	0.833333	0.166667	2.552579	0.166667
πειθαρχια	9	0.071130	medium	2.977834	0.777778	0.222222	2.602209	0.111111
συναγερμοσ	10	0.069863	medium	2.838344	0.900000	0.100000	2.491645	0.100000
μοναχοσ	7	0.068249	medium	2.842258	0.857143	0.142857	2.415596	0.142857
μεταφραση	9	0.067742	medium	2.892176	0.888889	0.111111	2.326268	0.111111
παχυσαρκια	10	0.067442	medium	2.843451	0.800000	0.200000	2.926572	0.100000
αποφαση	7	0.067374	medium	2.867921	0.857143	0.142857	2.344749	0.142857
δημιουργικα	11	0.067166	medium	2.999751	0.909091	0.090909	2.063710	0.090909
νοσηλευτρια	11	0.066390	medium	2.724209	1.000000	0.000000	2.397466	0.090909
αναγραφη	8	0.065532	medium	3.006579	0.750000	0.250000	2.558209	0.125000
αγωνασ	6	0.063963	medium	2.907076	0.833333	0.166667	2.198488	0.166667
υφυπουργοσ	10	0.063258	medium	3.168932	0.700000	0.300000	2.491091	0.100000
νομαρχια	8	0.062846	medium	2.834381	0.875000	0.125000	2.454887	0.125000
κρουαζιερα	10	0.060651	medium	2.958434	0.800000	0.200000	2.604741	0.100000
αδελφοτητα	10	0.059551	medium	2.951297	0.800000	0.200000	2.622385	0.100000
ανδρασ	6	0.059192	medium	2.793081	0.833333	0.166667	2.499921	0.166667
αισθημα	7	0.058561	medium	2.860377	0.857143	0.142857	2.351671	0.142857
ασπιδα	6	0.056127	medium	2.740196	0.833333	0.166667	2.638456	0.166667
αμεσωσ	6	0.055962	medium	2.808129	0.833333	0.166667	2.454214	0.166667
συμβατικα	9	0.055726	medium	2.933125	0.888889	0.111111	2.196940	0.111111
καθηγητησ	9	0.055525	medium	3.095628	0.777778	0.222222	2.259253	0.111111
κινηση	6	0.053984	medium	2.805097	0.833333	0.166667	2.459392	0.166667
ανεπιφυλακτα	12	0.052749	medium	2.876358	0.833333	0.166667	2.764000	0.083333
αγνωστοσ	8	0.050211	medium	2.839428	0.875000	0.125000	2.421851	0.125000
μαγειρικη	9	0.046918	medium	2.885231	0.888889	0.111111	2.313156	0.111111
πανδημια	8	0.044674	medium	2.881537	0.875000	0.125000	2.299312	0.125000
αγγιγμα	7	0.042813	medium	3.140744	0.571429	0.428571	2.860957	0.142857
ασθενησ	7	0.041974	medium	2.851313	0.857143	0.142857	2.350793	0.142857
μεριμνα	7	0.041866	medium	2.801255	0.857143	0.142857	2.486207	0.142857
συντομα	7	0.040649	medium	2.693422	1.000000	0.000000	2.130010	0.142857
συμμαχια	8	0.040518	medium	2.932745	0.750000	0.250000	2.719839	0.125000
καρδια	6	0.039663	medium	2.831532	0.833333	0.166667	2.365844	0.166667
μπροστα	7	0.038784	medium	2.751564	1.000000	0.000000	1.969677	0.142857
μαχητικα	8	0.037368	medium	2.896511	0.875000	0.125000	2.247559	0.125000
παιχνιδι	8	0.036628	medium	2.970412	0.750000	0.250000	2.611858	0.125000
περικοπη	8	0.035734	medium	2.863461	0.875000	0.125000	2.334566	0.125000
μαθητρια	8	0.035524	medium	2.898118	0.875000	0.125000	2.240379	0.125000
ακροπολη	8	0.034468	medium	2.855644	0.875000	0.125000	2.353798	0.125000
ανησυχια	8	0.032355	medium	2.814825	0.875000	0.125000	2.461113	0.125000
σταδιο	6	0.030000	medium	2.657973	1.000000	0.000000	2.066981	0.166667
ερωτηση	7	0.028660	medium	2.921317	0.857143	0.142857	2.140787	0.142857
καθεστωσ	8	0.028207	medium	2.974321	0.875000	0.125000	2.022772	0.125000
ποδηλατο	8	0.027956	medium	2.892521	0.875000	0.125000	2.243937	0.125000
απαγορευση	10	0.026857	medium	2.803422	0.900000	0.100000	2.520305	0.100000
βουτυρο	7	0.025564	medium	3.080578	0.714286	0.285714	2.351083	0.142857
πληροφορια	10	0.025038	medium	2.988712	0.800000	0.200000	2.468144	0.100000
ζητηση	6	0.024312	medium	3.265593	0.666667	0.333333	1.920812	0.166667
θεολογοσ	8	0.024010	medium	3.002615	0.750000	0.250000	2.505295	0.125000
παροτι	6	0.022409	medium	2.623821	1.000000	0.000000	2.147843	0.166667
οπαδοσ	6	0.020134	medium	2.761163	0.833333	0.166667	2.526494	0.166667
αγαλμα	6	0.019634	medium	2.887001	0.666667	0.333333	2.939027	0.166667
αθροισμα	8	0.019624	medium	2.810676	0.875000	0.125000	2.452834	0.125000
εξασκηση	8	0.018049	medium	3.030876	0.750000	0.250000	2.419616	0.125000
πραγματι	8	0.016867	medium	2.865104	0.875000	0.125000	2.301196	0.125000
ναυτικο	7	0.015854	medium	2.647770	1.000000	0.000000	2.215646	0.142857
εκπληκτικα	10	0.015186	medium	2.889940	0.800000	0.200000	2.720557	0.100000
προσδοκια	9	0.014203	medium	2.805224	0.888889	0.111111	2.479698	0.111111
πολλακισ	8	0.014108	medium	2.862455	0.875000	0.125000	2.304140	0.125000
ευκολοσ	7	0.011698	medium	2.787849	0.857143	0.142857	2.476272	0.142857
συνδικατο	9	0.010735	medium	2.788587	1.000000	0.000000	2.016697	0.111111
δεσποινα	8	0.006858	medium	2.736525	1.000000	0.000000	2.068510	0.125000
χρονοσ	6	0.004156	medium	2.919480	0.833333	0.166667	2.073214	0.166667
κληρονομια	10	0.002444	medium	2.813760	0.900000	0.100000	2.454881	0.100000
πατριδα	7	0.001097	medium	2.800497	0.857143	0.142857	2.425765	0.142857
μεταβλητη	9	0.000156	medium	3.062251	0.777778	0.222222	2.264775	0.111111
γιατροσ	7	-0.001846	medium	2.717356	1.000000	0.000000	2.000048	0.142857
καθηγητρια	10	-0.003071	medium	2.998680	0.800000	0.200000	2.398057	0.100000
προταση	7	-0.004663	medium	2.695408	1.000000	0.000000	2.055172	0.142857
επιπεδο	7	-0.005082	medium	2.875599	0.714286	0.285714	2.859273	0.142857
ειδηση	6	-0.005694	medium	2.887519	0.833333	0.166667	2.144678	0.166667
πρακτικη	8	-0.006846	medium	2.849117	0.875000	0.125000	2.308145	0.125000
διαμετροσ	9	-0.007037	medium	2.765204	1.000000	0.000000	2.052785	0.111111
παικτησ	7	-0.007148	medium	2.714687	1.000000	0.000000	1.999147	0.142857
συμμορια	8	-0.007412	medium	2.789396	0.875000	0.125000	2.469026	0.125000
αντεπιθεση	10	-0.008315	medium	2.807706	0.900000	0.100000	2.454784	0.100000
απογευμα	8	-0.009041	medium	2.848408	0.875000	0.125000	2.306700	0.125000
συσκευη	7	-0.009182	medium	2.851465	0.714286	0.285714	2.918352	0.142857
συναλλαγη	9	-0.009413	medium	2.981014	0.777778	0.222222	2.470131	0.111111
προληπτικα	10	-0.010140	medium	2.871025	0.900000	0.100000	2.280494	0.100000
εθνικισμοσ	10	-0.012068	medium	2.846034	0.800000	0.200000	2.797697	0.100000
πεταλουδα	9	-0.015789	medium	2.844536	0.888889	0.111111	2.327250	0.111111
αρρηκτα	7	-0.016944	medium	2.748246	0.714286	0.285714	3.186015	0.142857
πριγκιπασ	9	-0.016958	medium	2.909544	0.777778	0.222222	2.652135	0.111111
ηλικια	6	-0.019380	medium	2.765312	0.833333	0.166667	2.454688	0.166667
αληθεια	7	-0.020414	medium	2.880394	0.857143	0.142857	2.176396	0.142857
τραυμα	6	-0.020959	medium	2.743031	0.833333	0.166667	2.512612	0.166667
προσηλωση	9	-0.022564	medium	3.006107	0.777778	0.222222	2.382010	0.111111
τιμημα	6	-0.024311	medium	2.792859	0.833333	0.166667	2.372519	0.166667
κλειστα	7	-0.024611	medium	2.688298	1.000000	0.000000	2.043851	0.142857
δικογραφια	10	-0.024930	medium	3.042363	0.800000	0.200000	2.246238	0.100000
διαταγη	7	-0.026978	medium	2.886923	0.857143	0.142857	2.148650	0.142857
θερμοτητα	9	-0.027571	medium	2.892398	0.888889	0.111111	2.179558	0.111111
αντλια	6	-0.030044	medium	2.596062	0.833333	0.166667	2.896740	0.166667
ευνοια	6	-0.033666	medium	2.538147	1.000000	0.000000	2.293926	0.166667
καταγραφη	9	-0.034949	medium	3.001382	0.777778	0.222222	2.375821	0.111111
αξιωματικοσ	11	-0.035878	medium	2.934416	0.818182	0.181818	2.494045	0.090909
δαντελα	7	-0.036098	medium	2.816133	0.857143	0.142857	2.326398	0.142857
πολτοσ	6	-0.037078	medium	2.753994	0.833333	0.166667	2.458212	0.166667
αφοτου	6	-0.038258	medium	2.872192	0.833333	0.166667	2.136273	0.166667
μεγαλειο	8	-0.040261	medium	2.832226	0.875000	0.125000	2.302669	0.125000
κομητεια	8	-0.044398	medium	2.671627	1.000000	0.000000	2.165709	0.125000
αιθουσα	7	-0.047625	medium	2.735955	0.857143	0.142857	2.525885	0.142857
τροικα	6	-0.047828	medium	2.616545	1.000000	0.000000	2.059882	0.166667
επομενωσ	8	-0.048697	medium	2.877215	0.875000	0.125000	2.167890	0.125000
αγγελια	7	-0.049482	medium	2.950431	0.714286	0.285714	2.588536	0.142857
συζητηση	8	-0.049618	medium	3.157429	0.625000	0.375000	2.538720	0.125000
αδικημα	7	-0.051446	medium	2.885622	0.857143	0.142857	2.114667	0.142857
πανικοσ	7	-0.051784	medium	2.655482	1.000000	0.000000	2.091076	0.142857
εκδικηση	8	-0.053948	medium	2.965255	0.750000	0.250000	2.486982	0.125000
διαχωρισμοσ	11	-0.054307	medium	3.002306	0.818182	0.181818	2.281922	0.090909
πρωθυπουργοσ	12	-0.056899	medium	3.210421	0.666667	0.333333	2.445258	0.083333
αφετηρια	8	-0.057812	medium	2.813945	0.875000	0.125000	2.325278	0.125000
ομιλια	6	-0.058425	medium	2.683313	0.833333	0.166667	2.616923	0.166667
παραθυρο	8	-0.059706	medium	2.966951	0.750000	0.250000	2.473561	0.125000
ελληνικα	8	-0.061025	medium	2.882412	0.875000	0.125000	2.134915	0.125000
ασθενοφορο	10	-0.061423	medium	2.928338	0.800000	0.200000	2.499126	0.100000
υστερα	6	-0.062087	medium	2.658529	1.000000	0.000000	1.924315	0.166667
πολεμοσ	7	-0.063886	medium	2.825210	0.857143	0.142857	2.259219	0.142857
εργαλειο	8	-0.063933	medium	2.801764	0.875000	0.125000	2.348888	0.125000
κοσμημα	7	-0.064238	medium	2.836689	0.857143	0.142857	2.227589	0.142857
απομονωση	9	-0.064724	medium	2.833958	0.888889	0.111111	2.280887	0.111111
κοριτσι	7	-0.066582	medium	2.636279	0.857143	0.142857	2.766791	0.142857
πιστωση	7	-0.066648	medium	2.862192	0.857143	0.142857	2.154824	0.142857
κατοπιν	7	-0.068274	medium	2.662117	1.000000	0.000000	2.047828	0.142857
σακιδιο	7	-0.069325	medium	2.705913	0.857143	0.142857	2.573989	0.142857
τηλεοραση	9	-0.069406	medium	2.735118	0.888889	0.111111	2.541410	0.111111
αποδραση	8	-0.070097	medium	2.808894	0.875000	0.125000	2.320127	0.125000
φανερα	6	-0.071059	medium	2.903005	0.833333	0.166667	2.002537	0.166667
διπλωματια	10	-0.074654	medium	2.961521	0.800000	0.200000	2.388969	0.100000
παντου	6	-0.075053	medium	2.702055	1.000000	0.000000	1.786552	0.166667
προκλητικα	10	-0.079884	medium	2.866659	0.900000	0.100000	2.185406	0.100000
μηχανισμοσ	10	-0.080739	medium	2.879836	0.800000	0.200000	2.600880	0.100000
γενετικη	8	-0.081593	medium	2.854278	0.875000	0.125000	2.179587	0.125000
δολοφονια	9	-0.083280	medium	2.956466	0.777778	0.222222	2.423387	0.111111
βιβλιοπωλειο	12	-0.083793	medium	3.193921	0.583333	0.416667	2.825780	0.083333
μακραν	6	-0.083968	medium	2.792269	0.833333	0.166667	2.282668	0.166667
δηλητηριο	9	-0.084253	medium	2.984883	0.777778	0.222222	2.344928	0.111111
νομοθεσια	9	-0.086398	medium	2.757841	0.888889	0.111111	2.453819	0.111111
φασολια	7	-0.088435	medium	2.827552	0.857143	0.142857	2.215244	0.142857
εθελοντικα	10	-0.088988	medium	2.841641	0.900000	0.100000	2.239211	0.100000
μουσικα	7	-0.090305	medium	2.719745	1.000000	0.000000	1.857976	0.142857
γερμανικα	9	-0.092594	medium	2.842157	0.888889	0.111111	2.215960	0.111111
αλλοτε	6	-0.092661	medium	2.767228	0.833333	0.166667	2.337164	0.166667
συνομιλια	9	-0.095964	medium	2.730560	0.888889	0.111111	2.513045	0.111111
λογοτυπο	8	-0.097602	medium	2.931417	0.750000	0.250000	2.511711	0.125000
εναλλαγη	8	-0.099240	medium	2.953354	0.750000	0.250000	2.449784	0.125000
τηλεοπτικα	10	-0.099856	medium	2.738649	0.900000	0.100000	2.501496	0.100000
παθολογια	9	-0.100530	medium	2.955341	0.777778	0.222222	2.399989	0.111111
συνεργειο	9	-0.105667	medium	2.799308	0.888889	0.111111	2.311972	0.111111
παραμονη	8	-0.106960	medium	2.759639	0.875000	0.125000	2.397024	0.125000
αναγνωση	8	-0.108350	medium	2.902276	0.750000	0.250000	2.574162	0.125000
λιμανι	6	-0.109535	medium	2.765965	0.833333	0.166667	2.314718	0.166667
στεγαση	7	-0.110800	medium	2.740110	0.857143	0.142857	2.417790	0.142857
σαπουνι	7	-0.112500	medium	2.647372	1.000000	0.000000	2.019970	0.142857
πεπρωμενο	9	-0.114648	medium	2.983501	0.777778	0.222222	2.302079	0.111111
δευτεροσ	8	-0.114649	medium	2.828950	0.875000	0.125000	2.197512	0.125000
πεποιθηση	9	-0.117067	medium	2.957810	0.777778	0.222222	2.367955	0.111111
γεννηση	7	-0.117406	medium	2.933680	0.714286	0.285714	2.529782	0.142857
αυθεντικα	9	-0.118429	medium	2.817343	0.888889	0.111111	2.243563	0.111111
δημοκρατια	10	-0.119392	medium	2.819922	0.900000	0.100000	2.251428	0.100000
ατμοσφαιρα	10	-0.121615	medium	2.741386	0.800000	0.200000	2.913200	0.100000
αισθητα	7	-0.122065	medium	2.747674	0.857143	0.142857	2.380037	0.142857
καστρο	6	-0.123007	medium	2.642956	1.000000	0.000000	1.873107	0.166667
προεδροσ	8	-0.125354	medium	2.890881	0.750000	0.250000	2.578957	0.125000
παραγραφη	9	-0.126223	medium	3.066813	0.666667	0.333333	2.561438	0.111111
λοιπον	6	-0.126414	medium	2.767359	0.833333	0.166667	2.285070	0.166667
προκαταβολη	11	-0.126802	medium	2.956222	0.818182	0.181818	2.295608	0.090909
επεκταση	8	-0.131140	medium	2.695531	0.875000	0.125000	2.533587	0.125000
προσεγγιση	10	-0.132137	medium	2.950847	0.800000	0.200000	2.329763	0.100000
χειρουργοσ	10	-0.132150	medium	2.979093	0.800000	0.200000	2.253240	0.100000
αναλυση	7	-0.133313	medium	2.753194	0.857143	0.142857	2.347842	0.142857
κιτρινο	7	-0.134371	medium	2.677008	0.857143	0.142857	2.552566	0.142857
παραδειγμα	10	-0.136878	medium	2.898771	0.800000	0.200000	2.463540	0.100000
λευχαιμια	9	-0.137114	medium	2.885311	0.777778	0.222222	2.533580	0.111111
ενορια	6	-0.138680	medium	2.533841	1.000000	0.000000	2.144611	0.166667
εγχειριδιο	10	-0.140053	medium	2.992955	0.700000	0.300000	2.656055	0.100000
ελευθεροσ	9	-0.140316	medium	2.953599	0.777778	0.222222	2.343719	0.111111
ακροαση	7	-0.141093	medium	2.626971	0.857143	0.142857	2.677783	0.142857
ευημερια	8	-0.142022	medium	2.751460	0.875000	0.125000	2.365428	0.125000
κρισιμα	7	-0.143360	medium	2.723533	0.857143	0.142857	2.412778	0.142857
φυσιολογικα	11	-0.143840	medium	2.970307	0.818182	0.181818	2.231342	0.090909
κομματι	7	-0.144768	medium	2.757504	0.857143	0.142857	2.318611	0.142857
πορεια	6	-0.145254	medium	2.605980	1.000000	0.000000	1.939153	0.166667
μαθημα	6	-0.145738	medium	3.082048	0.666667	0.333333	2.157256	0.166667
επιστημη	8	-0.146197	medium	2.807340	0.875000	0.125000	2.207681	0.125000
διακριση	8	-0.146887	medium	2.838792	0.875000	0.125000	2.121439	0.125000
συμβιβασμοσ	11	-0.148385	medium	3.107504	0.636364	0.363636	2.675464	0.090909
κλινικη	7	-0.150054	medium	2.923485	0.714286	0.285714	2.507351	0.142857
επικινδυνοσ	11	-0.150558	medium	2.842921	0.818182	0.181818	2.566058	0.090909
ευχαριστα	9	-0.150577	medium	2.765880	0.888889	0.111111	2.333667	0.111111
βιωσιμοτητα	11	-0.152385	medium	2.907361	0.818182	0.181818	2.388726	0.090909
βασικοσ	7	-0.153912	medium	2.861226	0.857143	0.142857	2.023671	0.142857
οργανικα	8	-0.159840	medium	2.758706	0.875000	0.125000	2.318490	0.125000
μοντελο	7	-0.163617	medium	2.770012	0.857143	0.142857	2.255839	0.142857
μεταλλο	7	-0.163723	medium	2.851847	0.857143	0.142857	2.034034	0.142857
δημοπρασια	10	-0.167375	medium	2.819643	0.900000	0.100000	2.178630	0.100000
καφενειο	8	-0.168001	medium	2.813511	0.875000	0.125000	2.157544	0.125000
προδοσια	8	-0.169142	medium	2.756070	0.875000	0.125000	2.311371	0.125000
προηγουμενο	11	-0.169392	medium	2.912288	0.818182	0.181818	2.349312	0.090909
γεγονοσ	7	-0.171567	medium	2.916684	0.714286	0.285714	2.492791	0.142857
σαλτσα	6	-0.172825	medium	2.574956	0.666667	0.333333	3.489153	0.166667
μοναστηρι	9	-0.173816	medium	2.684478	1.000000	0.000000	2.015767	0.111111
ξενοδοχειο	10	-0.175432	medium	3.099023	0.700000	0.300000	2.314542	0.100000
πνευματικα	10	-0.176030	medium	2.742150	0.900000	0.100000	2.375246	0.100000
σωματικα	8	-0.178177	medium	2.766381	0.875000	0.125000	2.269594	0.125000
συνεχεια	8	-0.178772	medium	2.793009	0.875000	0.125000	2.196560	0.125000
απονομη	7	-0.179274	medium	2.734200	0.857143	0.142857	2.328832	0.142857
λειτουργοσ	10	-0.179762	medium	2.836519	0.900000	0.100000	2.113935	0.100000
φιλοσοφια	9	-0.179920	medium	3.010621	0.666667	0.333333	2.631317	0.111111
νοσταλγια	9	-0.181234	medium	2.712270	0.888889	0.111111	2.431871	0.111111
διευκρινιση	11	-0.181306	medium	2.850490	0.818182	0.181818	2.498424	0.090909
ετησιωσ	7	-0.183083	medium	2.750972	0.857143	0.142857	2.277568	0.142857
παρολο	6	-0.184369	medium	2.780038	0.833333	0.166667	2.161890	0.166667
διαφωνια	8	-0.185138	medium	3.056346	0.750000	0.250000	2.039164	0.125000
γυναικα	7	-0.186124	medium	2.826015	0.857143	0.142857	2.069660	0.142857
προοδοσ	7	-0.187097	medium	2.837283	0.714286	0.285714	2.684036	0.142857
αντιδραση	9	-0.189708	medium	2.740145	0.888889	0.111111	2.343384	0.111111
ιατροσ	6	-0.192659	medium	2.504166	1.000000	0.000000	2.142238	0.166667
βορειοδυτικα	12	-0.192671	medium	2.915814	0.833333	0.166667	2.280932	0.083333
υγιεινα	7	-0.193218	medium	2.753960	0.857143	0.142857	2.253940	0.142857
μετρητα	7	-0.194945	medium	2.740279	0.857143	0.142857	2.288348	0.142857
οικοδομη	8	-0.195041	medium	2.858628	0.750000	0.250000	2.559488	0.125000
τουρκικα	8	-0.199348	medium	2.754928	0.875000	0.125000	2.268160	0.125000
περιπου	7	-0.200200	medium	2.840637	0.857143	0.142857	2.008479	0.142857
χαρουμενοσ	10	-0.202795	medium	2.861693	0.900000	0.100000	2.010444	0.100000
αμηχανια	8	-0.203181	medium	2.793439	0.750000	0.250000	2.723571	0.125000
πονηροσ	7	-0.204480	medium	2.754951	0.857143	0.142857	2.233991	0.142857
απεργια	7	-0.206411	medium	2.779175	0.857143	0.142857	2.165425	0.142857
ερμηνεια	8	-0.206664	medium	2.709909	0.875000	0.125000	2.378873	0.125000
προσωπο	7	-0.211390	medium	2.941866	0.714286	0.285714	2.363545	0.142857
βαρυτητα	8	-0.212690	medium	2.950394	0.750000	0.250000	2.283893	0.125000
πετρελαιο	9	-0.213995	medium	2.692263	0.888889	0.111111	2.435837	0.111111
γρηγοροσ	8	-0.216876	medium	3.042762	0.625000	0.375000	2.592895	0.125000
αντιρρηση	9	-0.218492	medium	2.729966	0.777778	0.222222	2.829576	0.111111
επικεντρο	9	-0.222167	medium	2.726957	0.888889	0.111111	2.329344	0.111111
αρμονια	7	-0.224953	medium	2.604893	0.857143	0.142857	2.609029	0.142857
ορθοτητα	8	-0.227303	medium	2.815228	0.750000	0.250000	2.627580	0.125000
επιδορπιο	9	-0.229868	medium	2.828951	0.666667	0.333333	3.046788	0.111111
αρμονικα	8	-0.230759	medium	2.679089	0.875000	0.125000	2.425414	0.125000
οδυσσεια	8	-0.232717	medium	2.688333	0.875000	0.125000	2.397374	0.125000
αναπληρωτησ	11	-0.234050	medium	2.897070	0.818182	0.181818	2.291414	0.090909
φινλανδικα	10	-0.236230	medium	3.017676	0.700000	0.300000	2.441668	0.100000
διαγωνισμοσ	11	-0.238006	medium	2.934044	0.818182	0.181818	2.185208	0.090909
απογοητευση	11	-0.238646	medium	2.784873	0.818182	0.181818	2.588245	0.090909
θερμοκρασια	11	-0.240270	medium	2.842119	0.818182	0.181818	2.430710	0.090909
αρνητικα	8	-0.241495	medium	2.662109	0.875000	0.125000	2.454944	0.125000
ανατροπη	8	-0.241815	medium	2.661023	0.875000	0.125000	2.457395	0.125000
υπαιθρια	8	-0.242248	medium	2.879727	0.750000	0.250000	2.429978	0.125000
σχεδιασμοσ	10	-0.243298	medium	2.868952	0.800000	0.200000	2.381169	0.100000
παπουτσι	8	-0.243661	medium	2.691883	0.875000	0.125000	2.370984	0.125000
ιδεολογικα	10	-0.244284	medium	2.875093	0.800000	0.200000	2.363025	0.100000
ιδεολογια	9	-0.245164	medium	2.839163	0.777778	0.222222	2.492937	0.111111
επιτελουσ	9	-0.245177	medium	2.738351	0.888889	0.111111	2.263211	0.111111
οροφοσ	6	-0.245210	medium	2.889836	0.666667	0.333333	2.525366	0.166667
ακολουθια	9	-0.245321	medium	2.855512	0.777778	0.222222	2.448416	0.111111
παραξενα	8	-0.245835	medium	2.938120	0.750000	0.250000	2.266327	0.125000
υποτροπη	8	-0.246205	medium	2.863203	0.750000	0.250000	2.468666	0.125000
σκορπιοσ	8	-0.246533	medium	2.699660	0.750000	0.250000	2.911108	0.125000
τραγικα	7	-0.246807	medium	2.788231	0.857143	0.142857	2.078972	0.142857
σακουλα	7	-0.248077	medium	2.715492	0.857143	0.142857	2.274034	0.142857
μηχανημα	8	-0.248132	medium	3.021573	0.625000	0.375000	2.602372	0.125000
ενημερωση	9	-0.248790	medium	2.945668	0.777778	0.222222	2.198920	0.111111
μπροκολο	8	-0.249801	medium	2.927049	0.750000	0.250000	2.290233	0.125000
μελισσα	7	-0.250115	medium	2.704677	0.857143	0.142857	2.300202	0.142857
ημερησιωσ	9	-0.257872	medium	2.903117	0.777778	0.222222	2.300245	0.111111
συνδεσμοσ	9	-0.259528	medium	2.855417	0.777778	0.222222	2.426898	0.111111
αναδοχοσ	8	-0.261647	medium	2.838772	0.750000	0.250000	2.511166	0.125000
αστερι	6	-0.262323	medium	2.529201	1.000000	0.000000	1.967645	0.166667
υπουργοσ	8	-0.263374	medium	2.973598	0.750000	0.250000	2.143354	0.125000
μαγικα	6	-0.264539	medium	2.865114	0.833333	0.166667	1.808575	0.166667
κτηνοτροφια	11	-0.265114	medium	2.828898	0.818182	0.181818	2.428433	0.090909
σεβασμοσ	8	-0.266656	medium	2.851466	0.750000	0.250000	2.469107	0.125000
ζωντανα	7	-0.268041	medium	3.128721	0.714286	0.285714	1.770621	0.142857
αποκτηση	8	-0.270146	medium	2.739616	0.875000	0.125000	2.201104	0.125000
κρατηση	7	-0.274120	medium	2.782470	0.857143	0.142857	2.052707	0.142857
αναποφευκτα	11	-0.276331	medium	2.809425	0.818182	0.181818	2.463980	0.090909
αυτοεκτιμηση	12	-0.280288	medium	2.714666	0.833333	0.166667	2.691415	0.083333
ηφαιστειο	9	-0.281599	medium	2.718196	0.888889	0.111111	2.261971	0.111111
ιερεασ	6	-0.283933	medium	2.511359	0.833333	0.166667	2.736962	0.166667
ομαδικα	7	-0.284276	medium	2.792324	0.857143	0.142857	2.010451	0.142857
ληστεια	7	-0.286952	medium	2.655156	1.000000	0.000000	1.731469	0.142857
επιμερουσ	9	-0.286978	medium	2.776629	0.888889	0.111111	2.095461	0.111111
υποκρισια	9	-0.289874	medium	2.711373	0.888889	0.111111	2.267765	0.111111
μοναδικοσ	9	-0.290899	medium	2.784210	0.888889	0.111111	2.068920	0.111111
πινακιδα	8	-0.292676	medium	2.786308	0.750000	0.250000	2.605696	0.125000
επερωτηση	9	-0.294012	medium	2.906102	0.777778	0.222222	2.236760	0.111111
προιον	6	-0.295224	medium	2.693289	0.833333	0.166667	2.226913	0.166667
εικονα	6	-0.298596	medium	2.547609	1.000000	0.000000	1.862186	0.166667
καταχρηση	9	-0.298764	medium	2.894813	0.777778	0.222222	2.260052	0.111111
τοποθεσια	9	-0.298938	medium	2.718275	0.888889	0.111111	2.235176	0.111111
φιλολογια	9	-0.299526	medium	3.041035	0.666667	0.333333	2.365598	0.111111
σπανακι	7	-0.299759	medium	2.630032	0.857143	0.142857	2.426269	0.142857
ομοφυλοφιλια	12	-0.300236	medium	3.078858	0.583333	0.416667	2.805630	0.083333
ολοκληρωτικα	12	-0.300653	medium	2.928347	0.750000	0.250000	2.458520	0.083333
μακρια	6	-0.306665	medium	2.718341	0.833333	0.166667	2.141521	0.166667
ηθοποιοσ	8	-0.308474	medium	2.821859	0.750000	0.250000	2.485192	0.125000
επεξεργασια	11	-0.309236	medium	2.943092	0.727273	0.272727	2.462852	0.090909
ανεξαρτησια	11	-0.311603	medium	2.789986	0.818182	0.181818	2.462559	0.090909
δανεισμοσ	9	-0.312555	medium	2.725980	0.888889	0.111111	2.193434	0.111111
διαταραχη	9	-0.312818	medium	2.878206	0.777778	0.222222	2.283486	0.111111
αναπνοη	7	-0.313795	medium	2.630141	0.714286	0.285714	3.050848	0.142857
τρομερα	7	-0.320178	medium	2.724869	0.857143	0.142857	2.138111	0.142857
πρωτοδικειο	11	-0.321715	medium	2.893598	0.818182	0.181818	2.166436	0.090909
αναλυτησ	8	-0.322602	medium	2.730374	0.875000	0.125000	2.145725	0.125000
παιδακι	7	-0.322728	medium	2.783025	0.714286	0.285714	2.623082	0.142857
εκτελεση	8	-0.324172	medium	2.776346	0.750000	0.250000	2.584397	0.125000
μπαντα	6	-0.328428	easy	2.708675	0.833333	0.166667	2.134342	0.166667
λειτουργικα	11	-0.328589	easy	2.838821	0.909091	0.090909	1.892918	0.090909
συναμα	6	-0.331326	easy	2.684196	0.833333	0.166667	2.196199	0.166667
νικητησ	7	-0.331670	easy	2.771602	0.857143	0.142857	1.993923	0.142857
αλλεργια	8	-0.332726	easy	2.916582	0.750000	0.250000	2.191464	0.125000
γηροκομειο	10	-0.335848	easy	2.840625	0.800000	0.200000	2.316018	0.100000
χρησιμοτητα	11	-0.341223	easy	2.848083	0.818182	0.181818	2.259805	0.090909
παραλλαγη	9	-0.341556	easy	2.983018	0.666667	0.333333	2.458304	0.111111
καρεκλα	7	-0.342344	easy	2.829584	0.714286	0.285714	2.466909	0.142857
προνομια	8	-0.344609	easy	2.706814	0.875000	0.125000	2.175800	0.125000
πληροφοριακα	12	-0.344942	easy	2.935067	0.750000	0.250000	2.372426	0.083333
κειμενο	7	-0.345813	easy	2.710509	0.857143	0.142857	2.137709	0.142857
τραπεζαρια	10	-0.347968	easy	2.887879	0.700000	0.300000	2.621927	0.100000
ποιητησ	7	-0.348981	easy	2.706994	0.857143	0.142857	2.142372	0.142857
παππουσ	7	-0.349496	easy	2.834404	0.714286	0.285714	2.442891	0.142857
συνοδοσ	7	-0.353278	easy	2.809257	0.714286	0.285714	2.505202	0.142857
μαρτυρια	8	-0.354247	easy	2.742471	0.750000	0.250000	2.630043	0.125000
λογισμικο	9	-0.354322	easy	2.888574	0.777778	0.222222	2.191784	0.111111
θερετρο	7	-0.355229	easy	2.939878	0.714286	0.285714	2.148437	0.142857
τροποσ	6	-0.359688	easy	2.679924	0.833333	0.166667	2.164293	0.166667
αισθηση	7	-0.360858	easy	2.859787	0.714286	0.285714	2.356727	0.142857
αδεσποτα	8	-0.365006	easy	2.677881	0.875000	0.125000	2.222896	0.125000
προγραμμα	9	-0.366483	easy	2.974807	0.666667	0.333333	2.442332	0.111111
τριανταφυλλο	12	-0.368755	easy	2.919755	0.750000	0.250000	2.377396	0.083333
ειδικοσ	7	-0.370643	easy	2.752821	0.857143	0.142857	1.985049	0.142857
αξιοπιστα	9	-0.370755	easy	2.791183	0.777778	0.222222	2.430368	0.111111
πρωτοκολλο	10	-0.371552	easy	3.002978	0.700000	0.300000	2.274041	0.100000
ποντικι	7	-0.371993	easy	2.695045	0.857143	0.142857	2.139460	0.142857
δοσολογια	9	-0.376487	easy	2.840081	0.777778	0.222222	2.289146	0.111111
συνειδηση	9	-0.376646	easy	2.866698	0.777778	0.222222	2.216812	0.111111
ευχαριστηση	11	-0.377920	easy	2.837710	0.818182	0.181818	2.231647	0.090909
πλαστα	6	-0.379373	easy	2.694611	0.833333	0.166667	2.094337	0.166667
ανημερα	7	-0.380382	easy	2.712171	0.857143	0.142857	2.080215	0.142857
μισθοδοσια	10	-0.382823	easy	2.847631	0.700000	0.300000	2.677509	0.100000
μαρμελαδα	9	-0.383359	easy	2.922579	0.666667	0.333333	2.557918	0.111111
ντουλαπα	8	-0.384075	easy	2.738479	0.875000	0.125000	2.029540	0.125000
βαρβαρα	7	-0.385370	easy	3.224607	0.428571	0.571429	2.623843	0.142857
νεκροταφειο	11	-0.387766	easy	2.773450	0.818182	0.181818	2.390596	0.090909
διαχρονικα	10	-0.390825	easy	2.891837	0.800000	0.200000	2.093040	0.100000
δημοκρατικα	11	-0.396162	easy	2.854334	0.818182	0.181818	2.158657	0.090909
απαλλαγη	8	-0.396888	easy	2.966414	0.625000	0.375000	2.523736	0.125000
προπαγανδα	10	-0.398138	easy	2.916363	0.700000	0.300000	2.467876	0.100000
υπουργειο	9	-0.398157	easy	2.899322	0.777778	0.222222	2.095478	0.111111
επιμελητησ	10	-0.398621	easy	2.848258	0.800000	0.200000	2.199121	0.100000
ημερολογιο	10	-0.403166	easy	2.876807	0.800000	0.200000	2.114830	0.100000
ιατρικη	7	-0.405258	easy	2.674012	0.857143	0.142857	2.145435	0.142857
αποκοπη	7	-0.405968	easy	2.773019	0.714286	0.285714	2.522580	0.142857
ευχερεια	8	-0.409018	easy	2.823755	0.750000	0.250000	2.325933	0.125000
νουμερο	7	-0.411478	easy	2.788103	0.857143	0.142857	1.826892	0.142857
συνοικια	8	-0.412910	easy	2.606708	0.875000	0.125000	2.342228	0.125000
εφετειο	7	-0.412950	easy	2.771332	0.714286	0.285714	2.516447	0.142857
κατακορυφα	10	-0.413194	easy	2.870301	0.700000	0.300000	2.569553	0.100000
σημειωση	8	-0.414358	easy	2.876524	0.750000	0.250000	2.174825	0.125000
ανασκαφη	8	-0.414874	easy	2.832866	0.750000	0.250000	2.292277	0.125000
επιθετικα	9	-0.417408	easy	2.815700	0.777778	0.222222	2.292451	0.111111
τραγουδιστησ	12	-0.418007	easy	2.855263	0.833333	0.166667	2.099507	0.083333
πληροτητα	9	-0.418056	easy	2.826783	0.777778	0.222222	2.261441	0.111111
αστυνομια	9	-0.419688	easy	2.594989	0.888889	0.111111	2.383988	0.111111
χαιρετισμοσ	11	-0.422680	easy	2.743531	0.818182	0.181818	2.418110	0.090909
διαφορετικα	11	-0.424361	easy	2.860123	0.818182	0.181818	2.099752	0.090909
χειρισμοσ	9	-0.426218	easy	2.830331	0.777778	0.222222	2.239318	0.111111
παραγγελια	10	-0.427588	easy	2.914622	0.700000	0.300000	2.427448	0.100000
ονειρο	6	-0.428664	easy	2.563533	0.833333	0.166667	2.373794	0.166667
ακτινα	6	-0.428799	easy	2.535759	0.833333	0.166667	2.448809	0.166667
μαθηματικοσ	11	-0.432116	easy	2.860424	0.818182	0.181818	2.087050	0.090909
καθαρισμοσ	10	-0.432686	easy	2.820806	0.800000	0.200000	2.221254	0.100000
προτου	6	-0.434764	easy	2.782841	0.833333	0.166667	1.770465	0.166667
αδυναμια	8	-0.435065	easy	2.765079	0.750000	0.250000	2.444921	0.125000
σταυροσ	7	-0.439045	easy	2.617879	0.857143	0.142857	2.245673	0.142857
δραστικα	8	-0.441770	easy	2.760501	0.875000	0.125000	1.881453	0.125000
φιλοσοφοσ	9	-0.442772	easy	3.048022	0.555556	0.444444	2.629836	0.111111
μονοπατι	8	-0.443175	easy	2.638661	0.875000	0.125000	2.209294	0.125000
αβοκαντο	8	-0.445675	easy	2.805376	0.750000	0.250000	2.319517	0.125000
ελικοπτερο	10	-0.448351	easy	2.760698	0.800000	0.200000	2.360039	0.100000
φορτιστησ	9	-0.449874	easy	2.856656	0.777778	0.222222	2.131757	0.111111
συνεπεια	8	-0.450661	easy	2.643174	0.875000	0.125000	2.185595	0.125000
στρατηγικη	10	-0.452060	easy	2.841013	0.800000	0.200000	2.136825	0.100000
προτινοσ	8	-0.453226	easy	2.656819	0.875000	0.125000	2.144708	0.125000
κυριαρχια	9	-0.453656	easy	2.890506	0.666667	0.333333	2.537025	0.111111
νεολαια	7	-0.455023	easy	2.540385	0.857143	0.142857	2.431066	0.142857
γουστο	6	-0.460070	easy	2.809958	0.833333	0.166667	1.658228	0.166667
αναπαραγωγη	11	-0.466261	easy	2.955423	0.636364	0.363636	2.600087	0.090909
βεβαιοτητα	10	-0.467200	easy	2.945571	0.700000	0.300000	2.282901	0.100000
καμερα	6	-0.468340	easy	2.734651	0.833333	0.166667	1.849513	0.166667
δημοσιοσ	8	-0.468470	easy	2.800695	0.750000	0.250000	2.297252	0.125000
κοινοσ	6	-0.471021	easy	2.587401	0.833333	0.166667	2.244220	0.166667
επανενταξη	10	-0.471090	easy	2.906385	0.700000	0.300000	2.383073	0.100000
πισινα	6	-0.471807	easy	2.573710	0.833333	0.166667	2.280096	0.166667
σταγονα	7	-0.475938	easy	2.640632	0.857143	0.142857	2.127494	0.142857
δηλητηριαση	11	-0.476288	easy	2.925132	0.727273	0.272727	2.255419	0.090909
βαθμιαια	8	-0.487825	easy	3.000046	0.625000	0.375000	2.293248	0.125000
μεταβολισμοσ	12	-0.489298	easy	2.871425	0.750000	0.250000	2.323512	0.083333
διαυγεια	8	-0.489732	easy	2.830295	0.750000	0.250000	2.184492	0.125000
αιωνασ	6	-0.490759	easy	2.635281	0.833333	0.166667	2.084285	0.166667
τιμολογια	9	-0.490935	easy	2.775597	0.777778	0.222222	2.288356	0.111111
γονατο	6	-0.493286	easy	2.689731	0.833333	0.166667	1.932936	0.166667
ουδεποτε	8	-0.497012	easy	2.818382	0.750000	0.250000	2.205598	0.125000
ακτινοβολια	11	-0.497363	easy	2.794066	0.727273	0.272727	2.578094	0.090909
ετοιμοσ	7	-0.500436	easy	2.558632	0.857143	0.142857	2.312031	0.142857
χωρητικοτητα	12	-0.502028	easy	2.921358	0.750000	0.250000	2.168759	0.083333
ακαδημια	8	-0.502271	easy	2.791823	0.750000	0.250000	2.269470	0.125000
εντερο	6	-0.502439	easy	2.622719	0.833333	0.166667	2.100401	0.166667
δεκαπεντε	9	-0.502752	easy	2.820575	0.777778	0.222222	2.148423	0.111111
κλινικα	7	-0.505924	easy	2.804736	0.714286	0.285714	2.283453	0.142857
αναπληρωτρια	12	-0.506255	easy	2.832827	0.750000	0.250000	2.402057	0.083333
λατρεια	7	-0.507174	easy	2.620932	0.857143	0.142857	2.132969	0.142857
κατασκευη	9	-0.507672	easy	2.703770	0.777778	0.222222	2.457239	0.111111
συνεργασια	10	-0.507820	easy	2.721146	0.800000	0.200000	2.376003	0.100000
ποταμοσ	7	-0.508205	easy	2.636924	0.857143	0.142857	2.088075	0.142857
απευθειασ	9	-0.514682	easy	2.778621	0.777778	0.222222	2.243763	0.111111
συναυλια	8	-0.515199	easy	2.726663	0.750000	0.250000	2.426131	0.125000
ενιοτε	6	-0.515877	easy	2.497697	0.833333	0.166667	2.418416	0.166667
θανατοσ	7	-0.516293	easy	2.717742	0.857143	0.142857	1.856788	0.142857
απανταχου	9	-0.518411	easy	2.769287	0.777778	0.222222	2.263329	0.111111
ουρανιο	7	-0.518961	easy	2.599219	0.857143	0.142857	2.173710	0.142857
συναρτηση	9	-0.519551	easy	2.750444	0.777778	0.222222	2.312616	0.111111
μαρινα	6	-0.520590	easy	2.653479	0.833333	0.166667	1.989267	0.166667
ενοικιαση	9	-0.520949	easy	2.571336	0.888889	0.111111	2.292827	0.111111
εορτασμοσ	9	-0.521562	easy	2.591108	0.777778	0.222222	2.741081	0.111111
προκειμενου	11	-0.524017	easy	2.798782	0.818182	0.181818	2.113125	0.090909
αντρασ	6	-0.524211	easy	2.548403	0.833333	0.166667	2.268307	0.166667
συντηρητικα	11	-0.525948	easy	2.760420	0.818182	0.181818	2.214066	0.090909
σιταρι	6	-0.526180	easy	2.512891	0.833333	0.166667	2.361472	0.166667
μεταμοσχευση	12	-0.529523	easy	2.855236	0.750000	0.250000	2.305697	0.083333
αποκλεισμοσ	11	-0.529819	easy	2.727278	0.818182	0.181818	2.297893	0.090909
ανατολη	7	-0.530938	easy	2.641498	0.857143	0.142857	2.040838	0.142857
σαουνα	6	-0.531463	easy	2.509832	0.833333	0.166667	2.361656	0.166667
αγκαλια	7	-0.532289	easy	2.789519	0.714286	0.285714	2.284255	0.142857
ερευνητησ	9	-0.534447	easy	2.780194	0.777778	0.222222	2.209206	0.111111
κοκκινο	7	-0.535162	easy	2.771020	0.571429	0.428571	2.976341	0.142857
αναδρομικα	10	-0.535454	easy	2.760664	0.800000	0.200000	2.226611	0.100000
γονιμοτητα	10	-0.536649	easy	2.740076	0.800000	0.200000	2.280538	0.100000
δασκαλα	7	-0.537866	easy	2.818186	0.714286	0.285714	2.198060	0.142857
προεδρειο	9	-0.538272	easy	2.825796	0.666667	0.333333	2.582579	0.111111
προσκλητηριο	12	-0.541400	easy	2.854399	0.750000	0.250000	2.289759	0.083333
δασκαλοσ	8	-0.542586	easy	2.803705	0.750000	0.250000	2.175487	0.125000
αναφορα	7	-0.544526	easy	2.771865	0.714286	0.285714	2.313311	0.142857
μετρητησ	8	-0.544946	easy	2.817172	0.750000	0.250000	2.135397	0.125000
αυτοκινητο	10	-0.546021	easy	2.638486	0.800000	0.200000	2.541319	0.100000
ταλεντο	7	-0.546468	easy	2.631859	0.857143	0.142857	2.043139	0.142857
προσπαθεια	10	-0.553951	easy	2.807367	0.800000	0.200000	2.071764	0.100000
ουρανοσ	7	-0.555500	easy	2.621857	0.857143	0.142857	2.056385	0.142857
αεροπλανο	9	-0.555528	easy	2.676480	0.777778	0.222222	2.457790	0.111111
ανταλλαγη	9	-0.555962	easy	2.874346	0.666667	0.333333	2.423969	0.111111
απασχοληση	10	-0.556769	easy	2.880832	0.700000	0.300000	2.320942	0.100000
λουλουδι	8	-0.559045	easy	3.054388	0.625000	0.375000	2.036893	0.125000
φοιτητησ	8	-0.564135	easy	2.879541	0.750000	0.250000	1.937059	0.125000
γενοκτονια	10	-0.566480	easy	2.697544	0.800000	0.200000	2.350004	0.100000
ανακοινωση	10	-0.568264	easy	2.709927	0.800000	0.200000	2.313732	0.100000
στρατηγοσ	9	-0.568934	easy	2.746339	0.777778	0.222222	2.248034	0.111111
ομοσπονδια	10	-0.571121	easy	2.741492	0.800000	0.200000	2.223860	0.100000
διαστημα	8	-0.572778	easy	2.761964	0.875000	0.125000	1.676667	0.125000
καταναλωση	10	-0.574138	easy	2.787702	0.800000	0.200000	2.094078	0.100000
αισιοδοξοσ	10	-0.574183	easy	2.836230	0.600000	0.400000	2.867520	0.100000
ορολογια	8	-0.574284	easy	2.764212	0.750000	0.250000	2.233861	0.125000
σημαντικα	9	-0.575364	easy	2.673862	0.888889	0.111111	1.931728	0.111111
επειτα	6	-0.577421	easy	2.540144	0.833333	0.166667	2.209111	0.166667
τελεια	6	-0.578718	easy	2.593170	0.833333	0.166667	2.063504	0.166667
περιουσια	9	-0.579522	easy	2.629719	0.888889	0.111111	2.044911	0.111111
κοντινα	7	-0.580591	easy	2.600284	0.857143	0.142857	2.076348	0.142857
παραπομπη	9	-0.581481	easy	2.861340	0.666667	0.333333	2.420077	0.111111
κερασια	7	-0.583338	easy	2.562608	0.857143	0.142857	2.174180	0.142857
αγωνιστικα	10	-0.585024	easy	2.794299	0.800000	0.200000	2.059526	0.100000
σχηματισμοσ	11	-0.586521	easy	2.825808	0.727273	0.272727	2.355452	0.090909
γενετειρα	9	-0.586728	easy	2.709329	0.777778	0.222222	2.320995	0.111111
αλουμινιο	9	-0.587809	easy	2.707137	0.777778	0.222222	2.325277	0.111111
πλουσιοσ	8	-0.588078	easy	2.748116	0.750000	0.250000	2.256311	0.125000
κατευθειαν	10	-0.588438	easy	2.781967	0.800000	0.200000	2.087692	0.100000
πολιτεια	8	-0.588543	easy	2.627081	0.875000	0.125000	2.017820	0.125000
προσομοιωση	11	-0.590756	easy	2.807295	0.727273	0.272727	2.399101	0.090909
δυσαρεστα	9	-0.591818	easy	2.738810	0.777778	0.222222	2.233348	0.111111
ειλικρινα	9	-0.596472	easy	2.708873	0.777778	0.222222	2.307295	0.111111
πατερασ	7	-0.597596	easy	2.598118	0.857143	0.142857	2.056149	0.142857
υπολογισμοσ	11	-0.598910	easy	2.877668	0.727273	0.272727	2.196002	0.090909
παρουσια	8	-0.604407	easy	2.621675	0.875000	0.125000	2.008146	0.125000
ιδιοκτησια	10	-0.610966	easy	2.684421	0.800000	0.200000	2.317355	0.100000
προτροπη	8	-0.611407	easy	2.859974	0.625000	0.375000	2.483181	0.125000
διασκεδαση	10	-0.613185	easy	2.839045	0.700000	0.300000	2.347637	0.100000
αιτηση	6	-0.614045	easy	2.588115	0.833333	0.166667	2.023042	0.166667
αλλοδαποσ	9	-0.615042	easy	2.869196	0.666667	0.333333	2.347354	0.111111
αιτημα	6	-0.616786	easy	2.588804	0.833333	0.166667	2.016974	0.166667
αεροδρομιο	10	-0.617617	easy	2.753462	0.700000	0.300000	2.572638	0.100000
δικαστησ	8	-0.622672	easy	2.790447	0.875000	0.125000	1.523041	0.125000
μαλλια	6	-0.622800	easy	2.852714	0.666667	0.333333	2.047096	0.166667
ποικιλια	8	-0.623443	easy	2.693327	0.750000	0.250000	2.350490	0.125000
αναστολη	8	-0.623766	easy	2.626834	0.875000	0.125000	1.964496	0.125000
παντοτε	7	-0.623922	easy	2.586408	0.857143	0.142857	2.047510	0.142857
λαικισμοσ	9	-0.625943	easy	2.705190	0.777778	0.222222	2.272094	0.111111
αστυνομικοσ	11	-0.626889	easy	2.659609	0.818182	0.181818	2.332371	0.090909
επαρκεια	8	-0.629448	easy	2.639972	0.750000	0.250000	2.485794	0.125000
πρακτορειο	10	-0.631155	easy	2.683420	0.800000	0.200000	2.289117	0.100000
μουσειο	7	-0.634286	easy	2.640212	0.857143	0.142857	1.885899	0.142857
πορτοκαλια	10	-0.635999	easy	2.695027	0.800000	0.200000	2.250256	0.100000
οπουδηποτε	10	-0.637101	easy	2.860543	0.700000	0.300000	2.252753	0.100000
συντακτησ	9	-0.642031	easy	2.715641	0.777778	0.222222	2.219127	0.111111
δραματικα	9	-0.645367	easy	2.783845	0.777778	0.222222	2.029287	0.111111
σχολιασμοσ	10	-0.645574	easy	2.806089	0.700000	0.300000	2.387247	0.100000
μαγισσα	7	-0.648587	easy	2.720085	0.714286	0.285714	2.294036	0.142857
παραδεισοσ	10	-0.650203	easy	2.685818	0.800000	0.200000	2.253424	0.100000
στοχοσ	6	-0.651231	easy	2.781092	0.666667	0.333333	2.197496	0.166667
νοοτροπια	9	-0.651984	easy	2.575441	0.777778	0.222222	2.583591	0.111111
διοικητησ	9	-0.653770	easy	2.812191	0.777778	0.222222	1.939632	0.111111
κατσαρολα	9	-0.654108	easy	2.632052	0.777778	0.222222	2.427008	0.111111
κλασικα	7	-0.657974	easy	2.731080	0.714286	0.285714	2.249867	0.142857
τελετη	6	-0.658044	easy	2.765862	0.666667	0.333333	2.228304	0.166667
κοινωνια	8	-0.659158	easy	2.729889	0.750000	0.250000	2.196717	0.125000
δημοσκοπηση	11	-0.661118	easy	2.946668	0.636364	0.363636	2.325101	0.090909
σημαια	6	-0.664196	easy	2.581063	0.833333	0.166667	1.965263	0.166667
ιδανικα	7	-0.665985	easy	2.721192	0.714286	0.285714	2.264368	0.142857
μαλακια	7	-0.666464	easy	2.698528	0.714286	0.285714	2.325018	0.142857
πανεπιστημιο	12	-0.668775	easy	2.696499	0.833333	0.166667	2.145104	0.083333
καραμελα	8	-0.669460	easy	2.762927	0.750000	0.250000	2.091446	0.125000
ιστοσελιδα	10	-0.673434	easy	2.686161	0.800000	0.200000	2.216884	0.100000
μολονοτι	8	-0.673604	easy	2.700700	0.750000	0.250000	2.253631	0.125000
οριακα	6	-0.681063	easy	2.543978	0.833333	0.166667	2.039853	0.166667
απολογια	8	-0.686583	easy	2.757726	0.750000	0.250000	2.079282	0.125000
ενεργεια	8	-0.688953	easy	2.726666	0.750000	0.250000	2.159773	0.125000
περιοδεια	9	-0.692221	easy	2.722653	0.777778	0.222222	2.123197	0.111111
επανεκκινηση	12	-0.692801	easy	2.761903	0.666667	0.333333	2.685251	0.083333
κοροιδια	8	-0.693561	easy	2.730804	0.750000	0.250000	2.141503	0.125000
καροτο	6	-0.698254	easy	2.607821	0.833333	0.166667	1.840586	0.166667
πιπερια	7	-0.700564	easy	2.704334	0.714286	0.285714	2.257018	0.142857
κοιλοτητα	9	-0.701263	easy	2.666018	0.777778	0.222222	2.262728	0.111111
ιατρειο	7	-0.707043	easy	2.475730	0.857143	0.142857	2.219854	0.142857
ελαιολαδο	9	-0.708838	easy	2.765084	0.666667	0.333333	2.485549	0.111111
κλιματισμοσ	11	-0.713283	easy	2.752445	0.727273	0.272727	2.359834	0.090909
απορια	6	-0.713551	easy	2.551254	0.833333	0.166667	1.970344	0.166667
ευαισθησια	10	-0.716252	easy	2.715826	0.700000	0.300000	2.523374	0.100000
οροσημο	7	-0.716883	easy	2.700884	0.714286	0.285714	2.241349	0.142857
αισιοδοξια	10	-0.718503	easy	2.802569	0.600000	0.400000	2.737458	0.100000
αδικια	6	-0.722174	easy	2.706509	0.666667	0.333333	2.290748	0.166667
διαλειμμα	9	-0.726223	easy	2.864841	0.666667	0.333333	2.188718	0.111111
απλοτητα	8	-0.728906	easy	2.686744	0.750000	0.250000	2.206655	0.125000
αναμονη	7	-0.731011	easy	2.646918	0.714286	0.285714	2.365854	0.142857
τελευταιοσ	10	-0.737053	easy	2.610890	0.800000	0.200000	2.323225	0.100000
ευκαιρια	8	-0.737792	easy	2.615185	0.750000	0.250000	2.386844	0.125000
πολιτικοσ	9	-0.737871	easy	2.717096	0.777778	0.222222	2.068270	0.111111
πετσετα	7	-0.742390	easy	2.567137	0.714286	0.285714	2.564490	0.142857
θεραπεια	8	-0.744924	easy	2.807197	0.750000	0.250000	1.855865	0.125000
αναποδα	7	-0.746775	easy	2.687023	0.714286	0.285714	2.233068	0.142857
περιπτερο	9	-0.752934	easy	2.765871	0.666667	0.333333	2.415825	0.111111
ταλαιπωρια	10	-0.753795	easy	2.746804	0.700000	0.300000	2.381923	0.100000
απολογισμοσ	11	-0.755459	easy	2.786172	0.727273	0.272727	2.203838	0.090909
δεκαετια	8	-0.755710	easy	2.671391	0.750000	0.250000	2.207148	0.125000
ασθενεια	8	-0.756103	easy	2.679134	0.750000	0.250000	2.185575	0.125000
διαχειριστησ	12	-0.757223	easy	2.823066	0.750000	0.250000	2.043783	0.083333
παππασ	6	-0.760673	easy	2.753499	0.500000	0.500000	2.858585	0.166667
λογαριασμοσ	11	-0.761293	easy	2.758498	0.727273	0.272727	2.269847	0.090909
σοβαροτητα	10	-0.761415	easy	2.761240	0.700000	0.300000	2.331143	0.100000
αδιαφορια	9	-0.765484	easy	2.818212	0.666667	0.333333	2.254825	0.111111
διενεργεια	10	-0.769804	easy	2.821775	0.700000	0.300000	2.154329	0.100000
ασκηση	6	-0.770203	easy	2.719164	0.666667	0.333333	2.182849	0.166667
ρεαλιστικα	10	-0.773783	easy	2.643489	0.800000	0.200000	2.178631	0.100000
στοιχειο	8	-0.774264	easy	2.669674	0.750000	0.250000	2.183358	0.125000
καμπανια	8	-0.774389	easy	2.672603	0.750000	0.250000	2.175233	0.125000
σωστοσ	6	-0.774923	easy	2.716433	0.666667	0.333333	2.183011	0.166667
ορισμοσ	7	-0.777122	easy	2.645179	0.714286	0.285714	2.299879	0.142857
μαθηματικα	10	-0.778436	easy	2.876233	0.700000	0.300000	1.993601	0.100000
συναινεση	9	-0.779634	easy	2.637737	0.777778	0.222222	2.219190	0.111111
ειρωνεια	8	-0.782331	easy	2.695126	0.750000	0.250000	2.102057	0.125000
ιδιοκτητησ	10	-0.782651	easy	2.788035	0.700000	0.300000	2.226017	0.100000
σακακι	6	-0.783484	easy	2.592880	0.666667	0.333333	2.504521	0.166667
αυτονομια	9	-0.784324	easy	2.571566	0.777778	0.222222	2.391220	0.111111
θαλασσησ	8	-0.785327	easy	2.863252	0.625000	0.375000	2.207699	0.125000
αποπειρα	8	-0.785993	easy	2.626653	0.750000	0.250000	2.281898	0.125000
πατριαρχειο	11	-0.789544	easy	2.751283	0.727273	0.272727	2.246081	0.090909
ταυτοχρονα	10	-0.791723	easy	2.754610	0.700000	0.300000	2.302641	0.100000
αεροσκαφοσ	10	-0.792610	easy	2.748233	0.700000	0.300000	2.318553	0.100000
ανακτηση	8	-0.793927	easy	2.663243	0.750000	0.250000	2.170633	0.125000
καμπανα	7	-0.795244	easy	2.716443	0.714286	0.285714	2.079087	0.142857
αναλογια	8	-0.799357	easy	2.681354	0.750000	0.250000	2.113257	0.125000
βασιλιασ	8	-0.800654	easy	2.822247	0.625000	0.375000	2.295264	0.125000
μουσικοσ	8	-0.802178	easy	2.717569	0.750000	0.250000	2.010849	0.125000
αγανακτηση	10	-0.804420	easy	2.743767	0.700000	0.300000	2.312545	0.100000
πρωτοπορια	10	-0.805870	easy	2.825631	0.700000	0.300000	2.088600	0.100000
οικεια	6	-0.807590	easy	2.473681	0.833333	0.166667	2.036291	0.166667
μαλακα	6	-0.807761	easy	2.753996	0.666667	0.333333	2.030937	0.166667
τουρισμοσ	9	-0.811997	easy	2.692064	0.777778	0.222222	2.022440	0.111111
γραμματεια	10	-0.815921	easy	2.763708	0.700000	0.300000	2.240906	0.100000
αμαρτια	7	-0.824355	easy	2.545349	0.714286	0.285714	2.497857	0.142857
ιδιοτητα	8	-0.825772	easy	2.665809	0.750000	0.250000	2.114869	0.125000
ιστορικα	8	-0.830645	easy	2.573647	0.875000	0.125000	1.791423	0.125000
φαντασια	8	-0.831342	easy	2.679295	0.750000	0.250000	2.069804	0.125000
παραλια	7	-0.832185	easy	2.669950	0.714286	0.285714	2.148382	0.142857
ισορροπια	9	-0.833474	easy	2.610159	0.666667	0.333333	2.714096	0.111111
καταιγιδα	9	-0.835425	easy	2.771267	0.666667	0.333333	2.274756	0.111111
φαινομενικα	11	-0.845474	easy	2.792209	0.727273	0.272727	2.049502	0.090909
δημοσιοτητα	11	-0.850116	easy	2.738576	0.727273	0.272727	2.187647	0.090909
αντιτιμο	8	-0.864655	easy	2.561269	0.750000	0.250000	2.338403	0.125000
πορτρετο	8	-0.873434	easy	2.713178	0.625000	0.375000	2.479102	0.125000
καλαμακι	8	-0.873857	easy	2.761020	0.625000	0.375000	2.348879	0.125000
ενδεικτικα	10	-0.879939	easy	2.760937	0.700000	0.300000	2.150275	0.100000
εισιτηριο	9	-0.880439	easy	2.561251	0.777778	0.222222	2.271821	0.111111
περιμετρικα	11	-0.880589	easy	2.763301	0.727273	0.272727	2.073967	0.090909
καθοριστικα	11	-0.880988	easy	2.769011	0.727273	0.272727	2.057889	0.090909
θαλασσα	7	-0.881347	easy	2.792942	0.571429	0.428571	2.386297	0.142857
ρευστοτητα	10	-0.884799	easy	2.637228	0.800000	0.200000	2.025412	0.100000
καπιταλισμοσ	12	-0.885939	easy	2.691224	0.750000	0.250000	2.203558	0.083333
περιφερεια	10	-0.890388	easy	2.849010	0.600000	0.400000	2.348194	0.100000
σπουδαιοτητα	12	-0.891624	easy	2.693112	0.750000	0.250000	2.189728	0.083333
ακροατηριο	10	-0.892083	easy	2.623019	0.700000	0.300000	2.505200	0.100000
απιστευτα	9	-0.892403	easy	2.572113	0.777778	0.222222	2.224063	0.111111
υπολοιπο	8	-0.894398	easy	2.811506	0.625000	0.375000	2.180652	0.125000
απαντηση	8	-0.895242	easy	2.668701	0.750000	0.250000	2.000545	0.125000
τεταρτο	7	-0.898286	easy	2.534277	0.714286	0.285714	2.414517	0.142857
σιτιση	6	-0.901831	easy	2.552818	0.666667	0.333333	2.431610	0.166667
καθαριοτητα	11	-0.902596	easy	2.731189	0.727273	0.272727	2.127205	0.090909
διαμαρτυρια	11	-0.902992	easy	2.770856	0.636364	0.363636	2.430504	0.090909
προπονητησ	10	-0.903895	easy	2.806387	0.700000	0.300000	1.990456	0.100000
καθαροτητα	10	-0.907300	easy	2.767736	0.700000	0.300000	2.089920	0.100000
παιδεια	7	-0.908317	easy	2.678042	0.714286	0.285714	2.009762	0.142857
μπαταρια	8	-0.908333	easy	2.632445	0.750000	0.250000	2.078673	0.125000
καριερα	7	-0.912667	easy	2.647133	0.714286	0.285714	2.086810	0.142857
παραδοσιακα	11	-0.918425	easy	2.667211	0.727273	0.272727	2.276220	0.090909
σταδιοδρομια	12	-0.919942	easy	2.773023	0.666667	0.333333	2.306947	0.083333
ιστορια	7	-0.920384	easy	2.484388	0.857143	0.142857	1.869372	0.142857
ισοτιμια	8	-0.926944	easy	2.500017	0.750000	0.250000	2.408814	0.125000
νομιμοτητα	10	-0.928714	easy	2.676383	0.700000	0.300000	2.304518	0.100000
εισαγγελια	10	-0.931939	easy	2.800651	0.600000	0.400000	2.415476	0.100000
φροντιστηριο	12	-0.933246	easy	2.815830	0.666667	0.333333	2.170614	0.083333
ανωτεροτητα	11	-0.938280	easy	2.681177	0.727273	0.272727	2.207959	0.090909
συσταση	7	-0.939347	easy	2.626653	0.714286	0.285714	2.101379	0.142857
απαιτηση	8	-0.953420	easy	2.613255	0.750000	0.250000	2.061536	0.125000
κινητοποιηση	12	-0.955090	easy	2.716855	0.666667	0.333333	2.405194	0.083333
αιμορραγια	10	-0.958448	easy	2.703826	0.600000	0.400000	2.637083	0.100000
λιτοτητα	8	-0.960218	easy	2.631620	0.750000	0.250000	2.001374	0.125000
αναγεννηση	10	-0.961083	easy	2.761551	0.600000	0.400000	2.476701	0.100000
αιμοδοσια	9	-0.965113	easy	2.616787	0.666667	0.333333	2.494353	0.111111
ισπανικα	8	-0.967892	easy	2.596993	0.750000	0.250000	2.083393	0.125000
καταστολη	9	-0.970248	easy	2.663831	0.777778	0.222222	1.856322	0.111111
επιμελεια	9	-0.976775	easy	2.713263	0.666667	0.333333	2.215181	0.111111
καλοκαιρι	9	-0.981696	easy	2.709814	0.666667	0.333333	2.216980	0.111111
βασιλισσα	9	-0.986382	easy	2.789129	0.555556	0.444444	2.497723	0.111111
στοχαστρο	9	-0.987575	easy	2.723141	0.666667	0.333333	2.171871	0.111111
ακουστικο	9	-0.988619	easy	2.640125	0.777778	0.222222	1.892366	0.111111
ιταλικα	7	-0.989453	easy	2.618752	0.714286	0.285714	2.045971	0.142857
μικροσκοπιο	11	-0.994708	easy	2.755473	0.636364	0.363636	2.331573	0.090909
σεισμοσ	7	-0.995142	easy	2.582113	0.714286	0.285714	2.136482	0.142857
επιτελειο	9	-0.995495	easy	2.645399	0.666667	0.333333	2.370289	0.111111
σημασια	7	-1.007439	easy	2.572938	0.714286	0.285714	2.142483	0.142857
αυνανισμοσ	10	-1.007969	easy	2.611774	0.700000	0.300000	2.358013	0.100000
αυτονοητα	9	-1.009957	easy	2.550656	0.666667	0.333333	2.604721	0.111111
σταθεροτητα	11	-1.012013	easy	2.718370	0.727273	0.272727	1.994198	0.090909
ωστοσο	6	-1.014785	easy	2.681298	0.666667	0.333333	1.910484	0.166667
διδασκαλια	10	-1.019004	easy	2.849745	0.600000	0.400000	2.149045	0.100000
επισκοποσ	9	-1.019786	easy	2.687458	0.666667	0.333333	2.219139	0.111111
εναντιον	8	-1.027221	easy	2.534550	0.750000	0.250000	2.161571	0.125000
προετοιμασια	12	-1.029186	easy	2.575381	0.750000	0.250000	2.297723	0.083333
κοτοπουλο	9	-1.029646	easy	2.774075	0.666667	0.333333	1.969430	0.111111
επικαιροτητα	12	-1.034270	easy	2.620251	0.750000	0.250000	2.168403	0.083333
ονομασια	8	-1.037795	easy	2.494494	0.750000	0.250000	2.253848	0.125000
διασταση	8	-1.038379	easy	2.657543	0.750000	0.250000	1.811349	0.125000
αυτοκτονια	10	-1.042915	easy	2.555363	0.700000	0.300000	2.457230	0.100000
εισαγγελεασ	11	-1.044617	easy	2.784414	0.545455	0.454545	2.588020	0.090909
απορροια	8	-1.049428	easy	2.592094	0.625000	0.375000	2.537265	0.125000
ασταθεια	8	-1.050704	easy	2.608258	0.750000	0.250000	1.925942	0.125000
εικονιδιο	9	-1.051813	easy	2.692660	0.666667	0.333333	2.155955	0.111111
δυνατοτητα	10	-1.052429	easy	2.725187	0.700000	0.300000	1.982692	0.100000
τραυματισμοσ	12	-1.061003	easy	2.676320	0.666667	0.333333	2.352625	0.083333
προορισμοσ	10	-1.065556	easy	2.718760	0.600000	0.400000	2.432447	0.100000
διοικητικη	10	-1.074223	easy	2.834972	0.600000	0.400000	2.104411	0.100000
στολοσ	6	-1.074491	easy	2.634339	0.666667	0.333333	1.946147	0.166667
οικογενεια	10	-1.078369	easy	2.642482	0.700000	0.300000	2.166927	0.100000
αριστερα	8	-1.078816	easy	2.553286	0.750000	0.250000	2.031734	0.125000
οικισμοσ	8	-1.083133	easy	2.620573	0.625000	0.375000	2.408466	0.125000
σαλατα	6	-1.091695	easy	2.510129	0.666667	0.333333	2.256185	0.166667
νοσοκομειο	10	-1.095669	easy	2.597429	0.700000	0.300000	2.262430	0.100000
συναντηση	9	-1.103591	easy	2.716381	0.666667	0.333333	2.012338	0.111111
προστασια	9	-1.103661	easy	2.547392	0.777778	0.222222	1.967177	0.111111
πολυκατοικια	12	-1.104398	easy	2.711690	0.666667	0.333333	2.190308	0.083333
αποτομα	7	-1.106334	easy	2.581358	0.714286	0.285714	1.968080	0.142857
περιφερειακα	12	-1.106612	easy	2.818649	0.583333	0.416667	2.274286	0.083333
οποιοσ	6	-1.108820	easy	2.512025	0.666667	0.333333	2.224801	0.166667
περιεργεια	10	-1.111077	easy	2.772774	0.600000	0.400000	2.216376	0.100000
στρατιωτικοσ	12	-1.128945	easy	2.674722	0.666667	0.333333	2.252805	0.083333
αναμεσα	7	-1.130540	easy	2.508899	0.714286	0.285714	2.127225	0.142857
δικτατορια	10	-1.130811	easy	2.680955	0.700000	0.300000	1.982337	0.100000
μεροκαματο	10	-1.137402	easy	2.696485	0.700000	0.300000	1.930174	0.100000
εκαστοτε	8	-1.141400	easy	2.529960	0.750000	0.250000	1.998977	0.125000
συστηματικα	11	-1.150969	easy	2.681089	0.727273	0.272727	1.882163	0.090909
στρατοσ	7	-1.151587	easy	2.536299	0.714286	0.285714	2.020750	0.142857
τρομοκρατια	11	-1.155635	easy	2.653992	0.636364	0.363636	2.359739	0.090909
περιορισμοσ	11	-1.160026	easy	2.700321	0.636364	0.363636	2.227530	0.090909
δικαιολογια	11	-1.162108	easy	2.798936	0.636364	0.363636	1.957248	0.090909
ντοματα	7	-1.162559	easy	2.556277	0.714286	0.285714	1.949824	0.142857
συσκευασια	10	-1.165724	easy	2.615416	0.600000	0.400000	2.558799	0.100000
συντελεστησ	11	-1.195573	easy	2.738064	0.636364	0.363636	2.070815	0.090909
μετεπειτα	9	-1.197315	easy	2.626070	0.666667	0.333333	2.113267	0.111111
διαιτα	6	-1.198189	easy	2.601871	0.666667	0.333333	1.844463	0.166667
αποφασιστικα	12	-1.199148	easy	2.689078	0.666667	0.333333	2.106308	0.083333
ετοιμοτητα	10	-1.206945	easy	2.562920	0.700000	0.300000	2.185321	0.100000
παρουσιαστησ	12	-1.207705	easy	2.629906	0.750000	0.250000	1.876395	0.083333
συντονισμοσ	11	-1.208509	easy	2.659589	0.636364	0.363636	2.263528	0.090909
αθανασια	8	-1.209797	easy	2.597045	0.625000	0.375000	2.278023	0.125000
παραπονο	8	-1.228860	easy	2.663323	0.625000	0.375000	2.069294	0.125000
αεροπορια	9	-1.229083	easy	2.577815	0.666667	0.333333	2.195265	0.111111
αστακοσ	7	-1.234917	easy	2.485899	0.714286	0.285714	2.029518	0.142857
ακαδημαικα	10	-1.241945	easy	2.766827	0.600000	0.400000	2.031874	0.100000
διαιτητησ	9	-1.245161	easy	2.722638	0.666667	0.333333	1.778375	0.111111
τουτοισ	7	-1.255066	easy	2.542802	0.714286	0.285714	1.844515	0.142857
τεραστια	8	-1.260340	easy	2.485133	0.750000	0.250000	1.938062	0.125000
κοστοσ	6	-1.277053	easy	2.574036	0.666667	0.333333	1.798963	0.166667
καταρα	6	-1.277774	easy	2.548438	0.666667	0.333333	1.867186	0.166667
γιαγια	6	-1.285826	easy	2.832480	0.500000	0.500000	1.839660	0.166667
πενταετια	9	-1.287647	easy	2.528445	0.666667	0.333333	2.239205	0.111111
τεσσερισ	8	-1.301697	easy	2.568992	0.625000	0.375000	2.213131	0.125000
εναντια	7	-1.302941	easy	2.469852	0.714286	0.285714	1.968705	0.142857
επανασταση	10	-1.325395	easy	2.550614	0.700000	0.300000	2.037077	0.100000
συντονιστρια	12	-1.330041	easy	2.603817	0.666667	0.333333	2.136583	0.083333
ντοκουμεντο	11	-1.330580	easy	2.714841	0.636364	0.363636	1.926760	0.090909
ταρατσα	7	-1.351804	easy	2.455284	0.571429	0.428571	2.579647	0.142857
αιτιολογια	10	-1.374689	easy	2.612177	0.600000	0.400000	2.247247	0.100000
ταινια	6	-1.379331	easy	2.396969	0.666667	0.333333	2.121750	0.166667
παρατηρητησ	11	-1.380586	easy	2.755375	0.545455	0.454545	2.151661	0.090909
διαιτησια	9	-1.381542	easy	2.607511	0.666667	0.333333	1.881130	0.111111
ιστορικοσ	9	-1.381943	easy	2.587946	0.666667	0.333333	1.933505	0.111111
τακτικα	7	-1.393388	easy	2.596337	0.571429	0.428571	2.133872	0.142857
οικονομικα	10	-1.397435	easy	2.637256	0.600000	0.400000	2.144455	0.100000
συντονιστησ	11	-1.402637	easy	2.647241	0.636364	0.363636	1.999392	0.090909
κινητικοτητα	12	-1.403752	easy	2.669256	0.583333	0.416667	2.223413	0.083333
ουσιαστικο	10	-1.411940	easy	2.545257	0.700000	0.300000	1.918918	0.100000
αυτοκρατορασ	12	-1.424715	easy	2.605812	0.583333	0.416667	2.363113	0.083333
αμερικανικα	11	-1.443753	easy	2.662030	0.636364	0.363636	1.896311	0.090909
ενιαια	6	-1.456283	easy	2.379128	0.666667	0.333333	2.052113	0.166667
αντισταση	9	-1.457844	easy	2.511285	0.666667	0.333333	2.024786	0.111111
εταιρεια	8	-1.470931	easy	2.451943	0.625000	0.375000	2.270725	0.125000
αυτοκρατορια	12	-1.482101	easy	2.592606	0.583333	0.416667	2.310911	0.083333
δικαιοδοσια	11	-1.485620	easy	2.708583	0.545455	0.454545	2.117386	0.090909
εστιατοριο	10	-1.488758	easy	2.473831	0.700000	0.300000	1.994617	0.100000
παραπερα	8	-1.490545	easy	2.698151	0.500000	0.500000	2.139415	0.125000
οικογενειακα	12	-1.507447	easy	2.646542	0.583333	0.416667	2.125976	0.083333
κατοικια	8	-1.512972	easy	2.535353	0.625000	0.375000	1.980373	0.125000
σοσιαλισμοσ	11	-1.521194	easy	2.591818	0.545455	0.454545	2.379102	0.090909
οικονομικοσ	11	-1.532412	easy	2.643172	0.545455	0.454545	2.222818	0.090909
ανικανοτητα	11	-1.570891	easy	2.546322	0.636364	0.363636	2.014805	0.090909
ινστιτουτο	10	-1.581548	easy	2.554525	0.600000	0.400000	2.086295	0.100000
μονοκατοικια	12	-1.585518	easy	2.589868	0.583333	0.416667	2.159799	0.083333
εικαστικα	9	-1.630479	easy	2.550802	0.666667	0.333333	1.653124	0.111111
ταυτοτητα	9	-1.635123	easy	2.552723	0.555556	0.444444	2.143547	0.111111
στατιστικη	10	-1.642646	easy	2.579186	0.600000	0.400000	1.925844	0.100000
διαδικασια	10	-1.683952	easy	2.730289	0.500000	0.500000	1.905748	0.100000
αποκατασταση	12	-1.805108	easy	2.537580	0.583333	0.416667	1.964804	0.083333
ιστοτοποσ	9	-1.867331	easy	2.526400	0.555556	0.444444	1.858887	0.111111
